DELETE FROM Lugar;

INSERT INTO Lugar(lug_codigo,lug_nombre, lug_tipo) VALUES
(0,'Venezuela','Pais');

INSERT INTO Lugar (lug_codigo,lug_nombre, lug_tipo,fk_lug_codigo) VALUES
(1, 'Amazonas','Estado',0),
(2, 'Anzoátegui','Estado',0),
(3, 'Apure','Estado',0),
(4, 'Aragua','Estado',0),
(5, 'Barinas','Estado',0),
(6, 'Bolívar','Estado',0),
(7, 'Carabobo','Estado',0),
(8, 'Cojedes','Estado',0),
(9, 'Delta Amacuro','Estado',0),
(10, 'Falcón','Estado',0),
(11, 'Guárico','Estado',0),
(12, 'Lara','Estado',0),
(13, 'Mérida','Estado',0),
(14, 'Miranda','Estado',0),
(15, 'Monagas','Estado',0),
(16, 'Nueva Esparta','Estado',0),
(17, 'Portuguesa','Estado',0),
(18, 'Sucre','Estado',0),
(19, 'Táchira','Estado',0),
(20, 'Trujillo','Estado',0),
(21, 'Vargas','Estado',0),
(22, 'Yaracuy','Estado',0),
(23, 'Zulia','Estado',0),
(24, 'Distrito Capital','Estado',0),
(25, 'Dependencias Federales','Estado',0);

INSERT INTO Lugar (lug_codigo, fk_lug_codigo, lug_nombre, lug_tipo) VALUES
(26, 1, 'Alto Orinoco','Municipio'),
(27, 1, 'Atabapo','Municipio'),
(28, 1, 'Atures','Municipio'),
(29, 1, 'Autana','Municipio'),
(30, 1, 'Manapiare','Municipio'),
(31, 1, 'Maroa','Municipio'),
(32, 1, 'Río Negro','Municipio'),
(33, 2, 'Anaco','Municipio'),
(34, 2, 'Aragua','Municipio'),
(35, 2, 'Manuel Ezequiel Bruzual','Municipio'),
(36, 2, 'Diego Bautista Urbaneja','Municipio'),
(37, 2, 'Fernando Peñalver','Municipio'),
(38, 2, 'Francisco Del Carmen Carvajal','Municipio'),
(39, 2, 'General Sir Arthur McGregor','Municipio'),
(40, 2, 'Guanta','Municipio'),
(41, 2, 'Independencia','Municipio'),
(42, 2, 'José Gregorio Monagas','Municipio'),
(43, 2, 'Juan Antonio Sotillo','Municipio'),
(44, 2, 'Juan Manuel Cajigal','Municipio'),
(45, 2, 'Libertad','Municipio'),
(46, 2, 'Francisco de Miranda','Municipio'),
(47, 2, 'Pedro María Freites','Municipio'),
(48, 2, 'Píritu','Municipio'),
(49, 2, 'San José de Guanipa','Municipio'),
(50, 2, 'San Juan de Capistrano','Municipio'),
(51, 2, 'Santa Ana','Municipio'),
(52, 2, 'Simón Bolívar','Municipio'),
(53, 2, 'Simón Rodríguez','Municipio'),
(54, 3, 'Achaguas','Municipio'),
(55, 3, 'Biruaca','Municipio'),
(56, 3, 'Muñóz','Municipio'),
(57, 3, 'Páez','Municipio'),
(58, 3, 'Pedro Camejo','Municipio'),
(59, 3, 'Rómulo Gallegos','Municipio'),
(60, 3, 'San Fernando','Municipio'),
(61, 4, 'Atanasio Girardot','Municipio'),
(62, 4, 'Bolívar','Municipio'),
(63, 4, 'Camatagua','Municipio'),
(64, 4, 'Francisco Linares Alcántara','Municipio'),
(65, 4, 'José Ángel Lamas','Municipio'),
(66, 4, 'José Félix Ribas','Municipio'),
(67, 4, 'José Rafael Revenga','Municipio'),
(68, 4, 'Libertador','Municipio'),
(69, 4, 'Mario Briceño Iragorry','Municipio'),
(70, 4, 'Ocumare de la Costa de Oro','Municipio'),
(71, 4, 'San Casimiro','Municipio'),
(72, 4, 'San Sebastián','Municipio'),
(73, 4, 'Santiago Mariño','Municipio'),
(74, 4, 'Santos Michelena','Municipio'),
(75, 4, 'Sucre','Municipio'),
(76, 4, 'Tovar','Municipio'),
(77, 4, 'Urdaneta','Municipio'),
(78, 4, 'Zamora','Municipio'),
(79, 5, 'Alberto Arvelo Torrealba','Municipio'),
(80, 5, 'Andrés Eloy Blanco','Municipio'),
(81, 5, 'Antonio José de Sucre','Municipio'),
(82, 5, 'Arismendi','Municipio'),
(83, 5, 'Barinas','Municipio'),
(84, 5, 'Bolívar','Municipio'),
(85, 5, 'Cruz Paredes','Municipio'),
(86, 5, 'Ezequiel Zamora','Municipio'),
(87, 5, 'Obispos','Municipio'),
(88, 5, 'Pedraza','Municipio'),
(89, 5, 'Rojas','Municipio'),
(90, 5, 'Sosa','Municipio'),
(91, 6, 'Caroní','Municipio'),
(92, 6, 'Cedeño','Municipio'),
(93, 6, 'El Callao','Municipio'),
(94, 6, 'Gran Sabana','Municipio'),
(95, 6, 'Heres','Municipio'),
(96, 6, 'Piar','Municipio'),
(97, 6, 'Angostura (Raúl Leoni)','Municipio'),
(98, 6, 'Roscio','Municipio'),
(99, 6, 'Sifontes','Municipio'),
(100, 6, 'Sucre','Municipio'),
(101, 6, 'Padre Pedro Chien','Municipio'),
(102, 7, 'Bejuma','Municipio'),
(103, 7, 'Carlos Arvelo','Municipio'),
(104, 7, 'Diego Ibarra','Municipio'),
(105, 7, 'Guacara','Municipio'),
(106, 7, 'Juan José Mora','Municipio'),
(107, 7, 'Libertador','Municipio'),
(108, 7, 'Los Guayos','Municipio'),
(109, 7, 'Miranda','Municipio'),
(110, 7, 'Montalbán','Municipio'),
(111, 7, 'Naguanagua','Municipio'),
(112, 7, 'Puerto Cabello','Municipio'),
(113, 7, 'San Diego','Municipio'),
(114, 7, 'San Joaquín','Municipio'),
(115, 7, 'Valencia','Municipio'),
(116, 8, 'Anzoátegui','Municipio'),
(117, 8, 'Tinaquillo','Municipio'),
(118, 8, 'Girardot','Municipio'),
(119, 8, 'Lima Blanco','Municipio'),
(120, 8, 'Pao de San Juan Bautista','Municipio'),
(121, 8, 'Ricaurte','Municipio'),
(122, 8, 'Rómulo Gallegos','Municipio'),
(123, 8, 'San Carlos','Municipio'),
(124, 8, 'Tinaco','Municipio'),
(125, 9, 'Antonio Díaz','Municipio'),
(126, 9, 'Casacoima','Municipio'),
(127, 9, 'Pedernales','Municipio'),
(128, 9, 'Tucupita','Municipio'),
(129, 10, 'Acosta','Municipio'),
(130, 10, 'Bolívar','Municipio'),
(131, 10, 'Buchivacoa','Municipio'),
(132, 10, 'Cacique Manaure','Municipio'),
(133, 10, 'Carirubana','Municipio'),
(134, 10, 'Colina','Municipio'),
(135, 10, 'Dabajuro','Municipio'),
(136, 10, 'Democracia','Municipio'),
(137, 10, 'Falcón','Municipio'),
(138, 10, 'Federación','Municipio'),
(139, 10, 'Jacura','Municipio'),
(140, 10, 'José Laurencio Silva','Municipio'),
(141, 10, 'Los Taques','Municipio'),
(142, 10, 'Mauroa','Municipio'),
(143, 10, 'Miranda','Municipio'),
(144, 10, 'Monseñor Iturriza','Municipio'),
(145, 10, 'Palmasola','Municipio'),
(146, 10, 'Petit','Municipio'),
(147, 10, 'Píritu','Municipio'),
(148, 10, 'San Francisco','Municipio'),
(149, 10, 'Sucre','Municipio'),
(150, 10, 'Tocópero','Municipio'),
(151, 10, 'Unión','Municipio'),
(152, 10, 'Urumaco','Municipio'),
(153, 10, 'Zamora','Municipio'),
(154, 11, 'Camaguán','Municipio'),
(155, 11, 'Chaguaramas','Municipio'),
(156, 11, 'El Socorro','Municipio'),
(157, 11, 'José Félix Ribas','Municipio'),
(158, 11, 'José Tadeo Monagas','Municipio'),
(159, 11, 'Juan Germán Roscio','Municipio'),
(160, 11, 'Julián Mellado','Municipio'),
(161, 11, 'Las Mercedes','Municipio'),
(162, 11, 'Leonardo Infante','Municipio'),
(163, 11, 'Pedro Zaraza','Municipio'),
(164, 11, 'Ortíz','Municipio'),
(165, 11, 'San Gerónimo de Guayabal','Municipio'),
(166, 11, 'San José de Guaribe','Municipio'),
(167, 11, 'Santa María de Ipire','Municipio'),
(168, 11, 'Sebastián Francisco de Miranda','Municipio'),
(169, 12, 'Andrés Eloy Blanco','Municipio'),
(170, 12, 'Crespo','Municipio'),
(171, 12, 'Iribarren','Municipio'),
(172, 12, 'Jiménez','Municipio'),
(173, 12, 'Morán','Municipio'),
(174, 12, 'Palavecino','Municipio'),
(175, 12, 'Simón Planas','Municipio'),
(176, 12, 'Torres','Municipio'),
(177, 12, 'Urdaneta','Municipio'),
(178, 13, 'Alberto Adriani','Municipio'),
(179, 13, 'Andrés Bello','Municipio'),
(180, 13, 'Antonio Pinto Salinas','Municipio'),
(181, 13, 'Aricagua','Municipio'),
(182, 13, 'Arzobispo Chacón','Municipio'),
(183, 13, 'Campo Elías','Municipio'),
(184, 13, 'Caracciolo Parra Olmedo','Municipio'),
(185, 13, 'Cardenal Quintero','Municipio'),
(186, 13, 'Guaraque','Municipio'),
(187, 13, 'Julio César Salas','Municipio'),
(188, 13, 'Justo Briceño','Municipio'),
(189, 13, 'Libertador','Municipio'),
(190, 13, 'Miranda','Municipio'),
(191, 13, 'Obispo Ramos de Lora','Municipio'),
(192, 13, 'Padre Noguera','Municipio'),
(193, 13, 'Pueblo Llano','Municipio'),
(194, 13, 'Rangel','Municipio'),
(195, 13, 'Rivas Dávila','Municipio'),
(196, 13, 'Santos Marquina','Municipio'),
(197, 13, 'Sucre','Municipio'),
(198, 13, 'Tovar','Municipio'),
(199, 13, 'Tulio Febres Cordero','Municipio'),
(200, 13, 'Zea','Municipio'),
(201, 14, 'Acevedo','Municipio'),
(202, 14, 'Andrés Bello','Municipio'),
(203, 14, 'Baruta','Municipio'),
(204, 14, 'Brión','Municipio'),
(205, 14, 'Buroz','Municipio'),
(206, 14, 'Carrizal','Municipio'),
(207, 14, 'Chacao','Municipio'),
(208, 14, 'Cristóbal Rojas','Municipio'),
(209, 14, 'El Hatillo','Municipio'),
(210, 14, 'Guaicaipuro','Municipio'),
(211, 14, 'Independencia','Municipio'),
(212, 14, 'Lander','Municipio'),
(213, 14, 'Los Salias','Municipio'),
(214, 14, 'Páez','Municipio'),
(215, 14, 'Paz Castillo','Municipio'),
(216, 14, 'Pedro Gual','Municipio'),
(217, 14, 'Plaza','Municipio'),
(218, 14, 'Simón Bolívar','Municipio'),
(219, 14, 'Sucre','Municipio'),
(220, 14, 'Urdaneta','Municipio'),
(221, 14, 'Zamora','Municipio'),
(222, 15, 'Acosta','Municipio'),
(223, 15, 'Aguasay','Municipio'),
(224, 15, 'Bolívar','Municipio'),
(225, 15, 'Caripe','Municipio'),
(226, 15, 'Cedeño','Municipio'),
(227, 15, 'Ezequiel Zamora','Municipio'),
(228, 15, 'Libertador','Municipio'),
(229, 15, 'Maturín','Municipio'),
(230, 15, 'Piar','Municipio'),
(231, 15, 'Punceres','Municipio'),
(232, 15, 'Santa Bárbara','Municipio'),
(233, 15, 'Sotillo','Municipio'),
(234, 15, 'Uracoa','Municipio'),
(235, 16, 'Antolín del Campo','Municipio'),
(236, 16, 'Arismendi','Municipio'),
(237, 16, 'García','Municipio'),
(238, 16, 'Gómez','Municipio'),
(239, 16, 'Maneiro','Municipio'),
(240, 16, 'Marcano','Municipio'),
(241, 16, 'Mariño','Municipio'),
(242, 16, 'Península de Macanao','Municipio'),
(243, 16, 'Tubores','Municipio'),
(244, 16, 'Villalba','Municipio'),
(245, 16, 'Díaz','Municipio'),
(246, 17, 'Agua Blanca','Municipio'),
(247, 17, 'Araure','Municipio'),
(248, 17, 'Esteller','Municipio'),
(249, 17, 'Guanare','Municipio'),
(250, 17, 'Guanarito','Municipio'),
(251, 17, 'Monseñor José Vicente de Unda','Municipio'),
(252, 17, 'Ospino','Municipio'),
(253, 17, 'Páez','Municipio'),
(254, 17, 'Papelón','Municipio'),
(255, 17, 'San Genaro de Boconoíto','Municipio'),
(256, 17, 'San Rafael de Onoto','Municipio'),
(257, 17, 'Santa Rosalía','Municipio'),
(258, 17, 'Sucre','Municipio'),
(259, 17, 'Turén','Municipio'),
(260, 18, 'Andrés Eloy Blanco','Municipio'),
(261, 18, 'Andrés Mata','Municipio'),
(262, 18, 'Arismendi','Municipio'),
(263, 18, 'Benítez','Municipio'),
(264, 18, 'Bermúdez','Municipio'),
(265, 18, 'Bolívar','Municipio'),
(266, 18, 'Cajigal','Municipio'),
(267, 18, 'Cruz Salmerón Acosta','Municipio'),
(268, 18, 'Libertador','Municipio'),
(269, 18, 'Mariño','Municipio'),
(270, 18, 'Mejía','Municipio'),
(271, 18, 'Montes','Municipio'),
(272, 18, 'Ribero','Municipio'),
(273, 18, 'Sucre','Municipio'),
(274, 18, 'Valdéz','Municipio'),
(275, 19, 'Andrés Bello','Municipio'),
(276, 19, 'Antonio Rómulo Costa','Municipio'),
(277, 19, 'Ayacucho','Municipio'),
(278, 19, 'Bolívar','Municipio'),
(279, 19, 'Cárdenas','Municipio'),
(280, 19, 'Córdoba','Municipio'),
(281, 19, 'Fernández Feo','Municipio'),
(282, 19, 'Francisco de Miranda','Municipio'),
(283, 19, 'García de Hevia','Municipio'),
(284, 19, 'Guásimos','Municipio'),
(285, 19, 'Independencia','Municipio'),
(286, 19, 'Jáuregui','Municipio'),
(287, 19, 'José María Vargas','Municipio'),
(288, 19, 'Junín','Municipio'),
(289, 19, 'Libertad','Municipio'),
(290, 19, 'Libertador','Municipio'),
(291, 19, 'Lobatera','Municipio'),
(292, 19, 'Michelena','Municipio'),
(293, 19, 'Panamericano','Municipio'),
(294, 19, 'Pedro María Ureña','Municipio'),
(295, 19, 'Rafael Urdaneta','Municipio'),
(296, 19, 'Samuel Darío Maldonado','Municipio'),
(297, 19, 'San Cristóbal','Municipio'),
(298, 19, 'Seboruco','Municipio'),
(299, 19, 'Simón Rodríguez','Municipio'),
(300, 19, 'Sucre','Municipio'),
(301, 19, 'Torbes','Municipio'),
(302, 19, 'Uribante','Municipio'),
(303, 19, 'San Judas Tadeo','Municipio'),
(304, 20, 'Andrés Bello','Municipio'),
(305, 20, 'Boconó','Municipio'),
(306, 20, 'Bolívar','Municipio'),
(307, 20, 'Candelaria','Municipio'),
(308, 20, 'Carache','Municipio'),
(309, 20, 'Escuque','Municipio'),
(310, 20, 'José Felipe Márquez Cañizalez','Municipio'),
(311, 20, 'Juan Vicente Campos Elías','Municipio'),
(312, 20, 'La Ceiba','Municipio'),
(313, 20, 'Miranda','Municipio'),
(314, 20, 'Monte Carmelo','Municipio'),
(315, 20, 'Motatán','Municipio'),
(316, 20, 'Pampán','Municipio'),
(317, 20, 'Pampanito','Municipio'),
(318, 20, 'Rafael Rangel','Municipio'),
(319, 20, 'San Rafael de Carvajal','Municipio'),
(320, 20, 'Sucre','Municipio'),
(321, 20, 'Trujillo','Municipio'),
(322, 20, 'Urdaneta','Municipio'),
(323, 20, 'Valera','Municipio'),
(324, 21, 'Vargas','Municipio'),
(325, 22, 'Arístides Bastidas','Municipio'),
(326, 22, 'Bolívar','Municipio'),
(327, 22, 'Bruzual','Municipio'),
(328, 22, 'Cocorote','Municipio'),
(329, 22, 'Independencia','Municipio'),
(330, 22, 'José Antonio Páez','Municipio'),
(331, 22, 'La Trinidad','Municipio'),
(332, 22, 'Manuel Monge','Municipio'),
(333, 22, 'Nirgua','Municipio'),
(334, 22, 'Peña','Municipio'),
(335, 22, 'San Felipe','Municipio'),
(336, 22, 'Sucre','Municipio'),
(337, 22, 'Urachiche','Municipio'),
(338, 22, 'José Joaquín Veroes','Municipio'),
(339, 23, 'Almirante Padilla','Municipio'),
(340, 23, 'Baralt','Municipio'),
(341, 23, 'Cabimas','Municipio'),
(342, 23, 'Catatumbo','Municipio'),
(343, 23, 'Colón','Municipio'),
(344, 23, 'Francisco Javier Pulgar','Municipio'),
(345, 23, 'Páez','Municipio'),
(346, 23, 'Jesús Enrique Losada','Municipio'),
(347, 23, 'Jesús María Semprún','Municipio'),
(348, 23, 'La Cañada de Urdaneta','Municipio'),
(349, 23, 'Lagunillas','Municipio'),
(350, 23, 'Machiques de Perijá','Municipio'),
(351, 23, 'Mara','Municipio'),
(352, 23, 'Maracaibo','Municipio'),
(353, 23, 'Miranda','Municipio'),
(354, 23, 'Rosario de Perijá','Municipio'),
(355, 23, 'San Francisco','Municipio'),
(356, 23, 'Santa Rita','Municipio'),
(357, 23, 'Simón Bolívar','Municipio'),
(358, 23, 'Sucre','Municipio'),
(359, 23, 'Valmore Rodríguez','Municipio'),
(360, 24, 'Libertador','Municipio');


INSERT INTO Lugar (lug_codigo, fk_lug_codigo, lug_nombre, lug_tipo) VALUES
(361, 26, 'Alto Orinoco','Parroquia'),
(362, 26, 'Huachamacare Acanaña','Parroquia'),
(363, 26, 'Marawaka Toky Shamanaña','Parroquia'),
(364, 26, 'Mavaka Mavaka','Parroquia'),
(365, 26, 'Sierra Parima Parimabé','Parroquia'),
(366, 27, 'Ucata Laja Lisa','Parroquia'),
(367, 27, 'Yapacana Macuruco','Parroquia'),
(368, 27, 'Caname Guarinuma','Parroquia'),
(369, 28, 'Fernando Girón Tovar','Parroquia'),
(370, 28, 'Luis Alberto Gómez','Parroquia'),
(371, 28, 'Pahueña Limón de Parhueña','Parroquia'),
(372, 28, 'Platanillal Platanillal','Parroquia'),
(373, 29, 'Samariapo','Parroquia'),
(374, 29, 'Sipapo','Parroquia'),
(375, 29, 'Munduapo','Parroquia'),
(376, 29, 'Guayapo','Parroquia'),
(377, 30, 'Alto Ventuari','Parroquia'),
(378, 30, 'Medio Ventuari','Parroquia'),
(379, 30, 'Bajo Ventuari','Parroquia'),
(380, 31, 'Victorino','Parroquia'),
(381, 31, 'Comunidad','Parroquia'),
(382, 32, 'Casiquiare','Parroquia'),
(383, 32, 'Cocuy','Parroquia'),
(384, 32, 'San Carlos de Río Negro','Parroquia'),
(385, 32, 'Solano','Parroquia'),
(386, 33, 'Anaco','Parroquia'),
(387, 33, 'San Joaquín','Parroquia'),
(388, 34, 'Cachipo','Parroquia'),
(389, 34, 'Aragua de Barcelona','Parroquia'),
(390, 35, 'Clarines','Parroquia'),
(391, 35, 'Guanape','Parroquia'),
(392, 35, 'Sabana de Uchire','Parroquia'),
(393, 36, 'Lechería','Parroquia'),
(394, 36, 'El Morro','Parroquia'),
(395, 37, 'Puerto Píritu','Parroquia'),
(396, 37, 'San Miguel','Parroquia'),
(397, 37, 'Sucre','Parroquia'),
(398, 38, 'Valle de Guanape','Parroquia'),
(399, 38, 'Santa Bárbara','Parroquia'),
(400, 39, 'El Chaparro','Parroquia'),
(401, 39, 'Tomás Alfaro','Parroquia'),
(402, 39, 'Calatrava','Parroquia'),
(403, 40, 'Guanta','Parroquia'),
(404, 40, 'Chorrerón','Parroquia'),
(405, 41, 'Mamo','Parroquia'),
(406, 41, 'Soledad','Parroquia'),
(407, 42, 'Mapire','Parroquia'),
(408, 42, 'Piar','Parroquia'),
(409, 42, 'Santa Clara','Parroquia'),
(410, 42, 'San Diego de Cabrutica','Parroquia'),
(411, 42, 'Uverito','Parroquia'),
(412, 42, 'Zuata','Parroquia'),
(413, 43, 'Puerto La Cruz','Parroquia'),
(414, 43, 'Pozuelos','Parroquia'),
(415, 44, 'Onoto','Parroquia'),
(416, 44, 'San Pablo','Parroquia'),
(417, 45, 'San Mateo','Parroquia'),
(418, 45, 'El Carito','Parroquia'),
(419, 45, 'Santa Inés','Parroquia'),
(420, 45, 'La Romereña','Parroquia'),
(421, 46, 'Atapirire','Parroquia'),
(422, 46, 'Boca del Pao','Parroquia'),
(423, 46, 'El Pao','Parroquia'),
(424, 46, 'Pariaguán','Parroquia'),
(425, 47, 'Cantaura','Parroquia'),
(426, 47, 'Libertador','Parroquia'),
(427, 47, 'Santa Rosa','Parroquia'),
(428, 47, 'Urica','Parroquia'),
(429, 48, 'Píritu','Parroquia'),
(430, 48, 'San Francisco','Parroquia'),
(431, 49, 'San José de Guanipa','Parroquia'),
(432, 50, 'Boca de Uchire','Parroquia'),
(433, 50, 'Boca de Chávez','Parroquia'),
(434, 51, 'Pueblo Nuevo','Parroquia'),
(435, 51, 'Santa Ana','Parroquia'),
(436, 52, 'Bergantín','Parroquia'),
(437, 52, 'Caigua','Parroquia'),
(438, 52, 'El Carmen','Parroquia'),
(439, 52, 'El Pilar','Parroquia'),
(440, 52, 'Naricual','Parroquia'),
(441, 52, 'San Crsitóbal','Parroquia'),
(442, 53, 'Edmundo Barrios','Parroquia'),
(443, 53, 'Miguel Otero Silva','Parroquia'),
(444, 54, 'Achaguas','Parroquia'),
(445, 54, 'Apurito','Parroquia'),
(446, 54, 'El Yagual','Parroquia'),
(447, 54, 'Guachara','Parroquia'),
(448, 54, 'Mucuritas','Parroquia'),
(449, 54, 'Queseras del medio','Parroquia'),
(450, 55, 'Biruaca','Parroquia'),
(451, 56, 'Bruzual','Parroquia'),
(452, 56, 'Mantecal','Parroquia'),
(453, 56, 'Quintero','Parroquia'),
(454, 56, 'Rincón Hondo','Parroquia'),
(455, 56, 'San Vicente','Parroquia'),
(456, 57, 'Guasdualito','Parroquia'),
(457, 57, 'Aramendi','Parroquia'),
(458, 57, 'El Amparo','Parroquia'),
(459, 57, 'San Camilo','Parroquia'),
(460, 57, 'Urdaneta','Parroquia'),
(461, 58, 'San Juan de Payara','Parroquia'),
(462, 58, 'Codazzi','Parroquia'),
(463, 58, 'Cunaviche','Parroquia'),
(464, 59, 'Elorza','Parroquia'),
(465, 59, 'La Trinidad','Parroquia'),
(466, 60, 'San Fernando','Parroquia'),
(467, 60, 'El Recreo','Parroquia'),
(468, 60, 'Peñalver','Parroquia'),
(469, 60, 'San Rafael de Atamaica','Parroquia'),
(470, 61, 'Pedro José Ovalles','Parroquia'),
(471, 61, 'Joaquín Crespo','Parroquia'),
(472, 61, 'José Casanova Godoy','Parroquia'),
(473, 61, 'Madre María de San José','Parroquia'),
(474, 61, 'Andrés Eloy Blanco','Parroquia'),
(475, 61, 'Los Tacarigua','Parroquia'),
(476, 61, 'Las Delicias','Parroquia'),
(477, 61, 'Choroní','Parroquia'),
(478, 62, 'Bolívar','Parroquia'),
(479, 63, 'Camatagua','Parroquia'),
(480, 63, 'Carmen de Cura','Parroquia'),
(481, 64, 'Santa Rita','Parroquia'),
(482, 64, 'Francisco de Miranda','Parroquia'),
(483, 64, 'Moseñor Feliciano González','Parroquia'),
(484, 65, 'Santa Cruz','Parroquia'),
(485, 66, 'José Félix Ribas','Parroquia'),
(486, 66, 'Castor Nieves Ríos','Parroquia'),
(487, 66, 'Las Guacamayas','Parroquia'),
(488, 66, 'Pao de Zárate','Parroquia'),
(489, 66, 'Zuata','Parroquia'),
(490, 67, 'José Rafael Revenga','Parroquia'),
(491, 68, 'Palo Negro','Parroquia'),
(492, 68, 'San Martín de Porres','Parroquia'),
(493, 69, 'El Limón','Parroquia'),
(494, 69, 'Caña de Azúcar','Parroquia'),
(495, 70, 'Ocumare de la Costa','Parroquia'),
(496, 71, 'San Casimiro','Parroquia'),
(497, 71, 'Güiripa','Parroquia'),
(498, 71, 'Ollas de Caramacate','Parroquia'),
(499, 71, 'Valle Morín','Parroquia'),
(500, 72, 'San Sebastían','Parroquia'),
(501, 73, 'Turmero','Parroquia'),
(502, 73, 'Arevalo Aponte','Parroquia'),
(503, 73, 'Chuao','Parroquia'),
(504, 73, 'Samán de Güere','Parroquia'),
(505, 73, 'Alfredo Pacheco Miranda','Parroquia'),
(506, 74, 'Santos Michelena','Parroquia'),
(507, 74, 'Tiara','Parroquia'),
(508, 75, 'Cagua','Parroquia'),
(509, 75, 'Bella Vista','Parroquia'),
(510, 76, 'Tovar','Parroquia'),
(511, 77, 'Urdaneta','Parroquia'),
(512, 77, 'Las Peñitas','Parroquia'),
(513, 77, 'San Francisco de Cara','Parroquia'),
(514, 77, 'Taguay','Parroquia'),
(515, 78, 'Zamora','Parroquia'),
(516, 78, 'Magdaleno','Parroquia'),
(517, 78, 'San Francisco de Asís','Parroquia'),
(518, 78, 'Valles de Tucutunemo','Parroquia'),
(519, 78, 'Augusto Mijares','Parroquia'),
(520, 79, 'Sabaneta','Parroquia'),
(521, 79, 'Juan Antonio Rodríguez Domínguez','Parroquia'),
(522, 80, 'El Cantón','Parroquia'),
(523, 80, 'Santa Cruz de Guacas','Parroquia'),
(524, 80, 'Puerto Vivas','Parroquia'),
(525, 81, 'Ticoporo','Parroquia'),
(526, 81, 'Nicolás Pulido','Parroquia'),
(527, 81, 'Andrés Bello','Parroquia'),
(528, 82, 'Arismendi','Parroquia'),
(529, 82, 'Guadarrama','Parroquia'),
(530, 82, 'La Unión','Parroquia'),
(531, 82, 'San Antonio','Parroquia'),
(532, 83, 'Barinas','Parroquia'),
(533, 83, 'Alberto Arvelo Larriva','Parroquia'),
(534, 83, 'San Silvestre','Parroquia'),
(535, 83, 'Santa Inés','Parroquia'),
(536, 83, 'Santa Lucía','Parroquia'),
(537, 83, 'Torumos','Parroquia'),
(538, 83, 'El Carmen','Parroquia'),
(539, 83, 'Rómulo Betancourt','Parroquia'),
(540, 83, 'Corazón de Jesús','Parroquia'),
(541, 83, 'Ramón Ignacio Méndez','Parroquia'),
(542, 83, 'Alto Barinas','Parroquia'),
(543, 83, 'Manuel Palacio Fajardo','Parroquia'),
(544, 83, 'Juan Antonio Rodríguez Domínguez','Parroquia'),
(545, 83, 'Dominga Ortiz de Páez','Parroquia'),
(546, 84, 'Barinitas','Parroquia'),
(547, 84, 'Altamira de Cáceres','Parroquia'),
(548, 84, 'Calderas','Parroquia'),
(549, 85, 'Barrancas','Parroquia'),
(550, 85, 'El Socorro','Parroquia'),
(551, 85, 'Mazparrito','Parroquia'),
(552, 86, 'Santa Bárbara','Parroquia'),
(553, 86, 'Pedro Briceño Méndez','Parroquia'),
(554, 86, 'Ramón Ignacio Méndez','Parroquia'),
(555, 86, 'José Ignacio del Pumar','Parroquia'),
(556, 87, 'Obispos','Parroquia'),
(557, 87, 'Guasimitos','Parroquia'),
(558, 87, 'El Real','Parroquia'),
(559, 87, 'La Luz','Parroquia'),
(560, 88, 'Ciudad Bolívia','Parroquia'),
(561, 88, 'José Ignacio Briceño','Parroquia'),
(562, 88, 'José Félix Ribas','Parroquia'),
(563, 88, 'Páez','Parroquia'),
(564, 89, 'Libertad','Parroquia'),
(565, 89, 'Dolores','Parroquia'),
(566, 89, 'Santa Rosa','Parroquia'),
(567, 89, 'Palacio Fajardo','Parroquia'),
(568, 90, 'Ciudad de Nutrias','Parroquia'),
(569, 90, 'El Regalo','Parroquia'),
(570, 90, 'Puerto Nutrias','Parroquia'),
(571, 90, 'Santa Catalina','Parroquia'),
(572, 91, 'Cachamay','Parroquia'),
(573, 91, 'Chirica','Parroquia'),
(574, 91, 'Dalla Costa','Parroquia'),
(575, 91, 'Once de Abril','Parroquia'),
(576, 91, 'Simón Bolívar','Parroquia'),
(577, 91, 'Unare','Parroquia'),
(578, 91, 'Universidad','Parroquia'),
(579, 91, 'Vista al Sol','Parroquia'),
(580, 91, 'Pozo Verde','Parroquia'),
(581, 91, 'Yocoima','Parroquia'),
(582, 91, '5 de Julio','Parroquia'),
(583, 92, 'Cedeño','Parroquia'),
(584, 92, 'Altagracia','Parroquia'),
(585, 92, 'Ascensión Farreras','Parroquia'),
(586, 92, 'Guaniamo','Parroquia'),
(587, 92, 'La Urbana','Parroquia'),
(588, 92, 'Pijiguaos','Parroquia'),
(589, 93, 'El Callao','Parroquia'),
(590, 94, 'Gran Sabana','Parroquia'),
(591, 94, 'Ikabarú','Parroquia'),
(592, 95, 'Catedral','Parroquia'),
(593, 95, 'Zea','Parroquia'),
(594, 95, 'Orinoco','Parroquia'),
(595, 95, 'José Antonio Páez','Parroquia'),
(596, 95, 'Marhuanta','Parroquia'),
(597, 95, 'Agua Salada','Parroquia'),
(598, 95, 'Vista Hermosa','Parroquia'),
(599, 95, 'La Sabanita','Parroquia'),
(600, 95, 'Panapana','Parroquia'),
(601, 96, 'Andrés Eloy Blanco','Parroquia'),
(602, 96, 'Pedro Cova','Parroquia'),
(603, 97, 'Raúl Leoni','Parroquia'),
(604, 97, 'Barceloneta','Parroquia'),
(605, 97, 'Santa Bárbara','Parroquia'),
(606, 97, 'San Francisco','Parroquia'),
(607, 98, 'Roscio','Parroquia'),
(608, 98, 'Salóm','Parroquia'),
(609, 99, 'Sifontes','Parroquia'),
(610, 99, 'Dalla Costa','Parroquia'),
(611, 99, 'San Isidro','Parroquia'),
(612, 100, 'Sucre','Parroquia'),
(613, 100, 'Aripao','Parroquia'),
(614, 100, 'Guarataro','Parroquia'),
(615, 100, 'Las Majadas','Parroquia'),
(616, 100, 'Moitaco','Parroquia'),
(617, 101, 'Padre Pedro Chien','Parroquia'),
(618, 101, 'Río Grande','Parroquia'),
(619, 102, 'Bejuma','Parroquia'),
(620, 102, 'Canoabo','Parroquia'),
(621, 102, 'Simón Bolívar','Parroquia'),
(622, 103, 'Güigüe','Parroquia'),
(623, 103, 'Carabobo','Parroquia'),
(624, 103, 'Tacarigua','Parroquia'),
(625, 104, 'Mariara','Parroquia'),
(626, 104, 'Aguas Calientes','Parroquia'),
(627, 105, 'Ciudad Alianza','Parroquia'),
(628, 105, 'Guacara','Parroquia'),
(629, 105, 'Yagua','Parroquia'),
(630, 106, 'Morón','Parroquia'),
(631, 106, 'Yagua','Parroquia'),
(632, 107, 'Tocuyito','Parroquia'),
(633, 107, 'Independencia','Parroquia'),
(634, 108, 'Los Guayos','Parroquia'),
(635, 109, 'Miranda','Parroquia'),
(636, 110, 'Montalbán','Parroquia'),
(637, 111, 'Naguanagua','Parroquia'),
(638, 112, 'Bartolomé Salóm','Parroquia'),
(639, 112, 'Democracia','Parroquia'),
(640, 112, 'Fraternidad','Parroquia'),
(641, 112, 'Goaigoaza','Parroquia'),
(642, 112, 'Juan José Flores','Parroquia'),
(643, 112, 'Unión','Parroquia'),
(644, 112, 'Borburata','Parroquia'),
(645, 112, 'Patanemo','Parroquia'),
(646, 113, 'San Diego','Parroquia'),
(647, 114, 'San Joaquín','Parroquia'),
(648, 115, 'Candelaria','Parroquia'),
(649, 115, 'Catedral','Parroquia'),
(650, 115, 'El Socorro','Parroquia'),
(651, 115, 'Miguel Peña','Parroquia'),
(652, 115, 'Rafael Urdaneta','Parroquia'),
(653, 115, 'San Blas','Parroquia'),
(654, 115, 'San José','Parroquia'),
(655, 115, 'Santa Rosa','Parroquia'),
(656, 115, 'Negro Primero','Parroquia'),
(657, 116, 'Cojedes','Parroquia'),
(658, 116, 'Juan de Mata Suárez','Parroquia'),
(659, 117, 'Tinaquillo','Parroquia'),
(660, 118, 'El Baúl','Parroquia'),
(661, 118, 'Sucre','Parroquia'),
(662, 119, 'La Aguadita','Parroquia'),
(663, 119, 'Macapo','Parroquia'),
(664, 120, 'El Pao','Parroquia'),
(665, 121, 'El Amparo','Parroquia'),
(666, 121, 'Libertad de Cojedes','Parroquia'),
(667, 122, 'Rómulo Gallegos','Parroquia'),
(668, 123, 'San Carlos de Austria','Parroquia'),
(669, 123, 'Juan Ángel Bravo','Parroquia'),
(670, 123, 'Manuel Manrique','Parroquia'),
(671, 124, 'General en Jefe José Laurencio Silva','Parroquia'),
(672, 125, 'Curiapo','Parroquia'),
(673, 125, 'Almirante Luis Brión','Parroquia'),
(674, 125, 'Francisco Aniceto Lugo','Parroquia'),
(675, 125, 'Manuel Renaud','Parroquia'),
(676, 125, 'Padre Barral','Parroquia'),
(677, 125, 'Santos de Abelgas','Parroquia'),
(678, 126, 'Imataca','Parroquia'),
(679, 126, 'Cinco de Julio','Parroquia'),
(680, 126, 'Juan Bautista Arismendi','Parroquia'),
(681, 126, 'Manuel Piar','Parroquia'),
(682, 126, 'Rómulo Gallegos','Parroquia'),
(683, 127, 'Pedernales','Parroquia'),
(684, 127, 'Luis Beltrán Prieto Figueroa','Parroquia'),
(685, 128, 'San José (Delta Amacuro)','Parroquia'),
(686, 128, 'José Vidal Marcano','Parroquia'),
(687, 128, 'Juan Millán','Parroquia'),
(688, 128, 'Leonardo Ruíz Pineda','Parroquia'),
(689, 128, 'Mariscal Antonio José de Sucre','Parroquia'),
(690, 128, 'Monseñor Argimiro García','Parroquia'),
(691, 128, 'San Rafael (Delta Amacuro)','Parroquia'),
(692, 128, 'Virgen del Valle','Parroquia'),
(693, 129, 'Capadare','Parroquia'),
(694, 129, 'La Pastora','Parroquia'),
(695, 129, 'Libertador','Parroquia'),
(696, 129, 'San Juan de los Cayos','Parroquia'),
(697, 130, 'Aracua','Parroquia'),
(698, 130, 'La Peña','Parroquia'),
(699, 130, 'San Luis','Parroquia'),
(700, 131, 'Bariro','Parroquia'),
(701, 131, 'Borojó','Parroquia'),
(702, 131, 'Capatárida','Parroquia'),
(703, 131, 'Guajiro','Parroquia'),
(704, 131, 'Seque','Parroquia'),
(705, 131, 'Zazárida','Parroquia'),
(706, 131, 'Valle de Eroa','Parroquia'),
(707, 132, 'Cacique Manaure','Parroquia'),
(708, 133, 'Norte','Parroquia'),
(709, 133, 'Carirubana','Parroquia'),
(710, 133, 'Santa Ana','Parroquia'),
(711, 133, 'Urbana Punta Cardón','Parroquia'),
(712, 134, 'La Vela de Coro','Parroquia'),
(713, 134, 'Acurigua','Parroquia'),
(714, 134, 'Guaibacoa','Parroquia'),
(715, 134, 'Las Calderas','Parroquia'),
(716, 134, 'Macoruca','Parroquia'),
(717, 135, 'Dabajuro','Parroquia'),
(718, 136, 'Agua Clara','Parroquia'),
(719, 136, 'Avaria','Parroquia'),
(720, 136, 'Pedregal','Parroquia'),
(721, 136, 'Piedra Grande','Parroquia'),
(722, 136, 'Purureche','Parroquia'),
(723, 137, 'Adaure','Parroquia'),
(724, 137, 'Adícora','Parroquia'),
(725, 137, 'Baraived','Parroquia'),
(726, 137, 'Buena Vista','Parroquia'),
(727, 137, 'Jadacaquiva','Parroquia'),
(728, 137, 'El Vínculo','Parroquia'),
(729, 137, 'El Hato','Parroquia'),
(730, 137, 'Moruy','Parroquia'),
(731, 137, 'Pueblo Nuevo','Parroquia'),
(732, 138, 'Agua Larga','Parroquia'),
(733, 138, 'El Paují','Parroquia'),
(734, 138, 'Independencia','Parroquia'),
(735, 138, 'Mapararí','Parroquia'),
(736, 139, 'Agua Linda','Parroquia'),
(737, 139, 'Araurima','Parroquia'),
(738, 139, 'Jacura','Parroquia'),
(739, 140, 'Tucacas','Parroquia'),
(740, 140, 'Boca de Aroa','Parroquia'),
(741, 141, 'Los Taques','Parroquia'),
(742, 141, 'Judibana','Parroquia'),
(743, 142, 'Mene de Mauroa','Parroquia'),
(744, 142, 'San Félix','Parroquia'),
(745, 142, 'Casigua','Parroquia'),
(746, 143, 'Guzmán Guillermo','Parroquia'),
(747, 143, 'Mitare','Parroquia'),
(748, 143, 'Río Seco','Parroquia'),
(749, 143, 'Sabaneta','Parroquia'),
(750, 143, 'San Antonio','Parroquia'),
(751, 143, 'San Gabriel','Parroquia'),
(752, 143, 'Santa Ana','Parroquia'),
(753, 144, 'Boca del Tocuyo','Parroquia'),
(754, 144, 'Chichiriviche','Parroquia'),
(755, 144, 'Tocuyo de la Costa','Parroquia'),
(756, 145, 'Palmasola','Parroquia'),
(757, 146, 'Cabure','Parroquia'),
(758, 146, 'Colina','Parroquia'),
(759, 146, 'Curimagua','Parroquia'),
(760, 147, 'San José de la Costa','Parroquia'),
(761, 147, 'Píritu','Parroquia'),
(762, 148, 'San Francisco','Parroquia'),
(763, 149, 'Sucre','Parroquia'),
(764, 149, 'Pecaya','Parroquia'),
(765, 150, 'Tocópero','Parroquia'),
(766, 151, 'El Charal','Parroquia'),
(767, 151, 'Las Vegas del Tuy','Parroquia'),
(768, 151, 'Santa Cruz de Bucaral','Parroquia'),
(769, 152, 'Bruzual','Parroquia'),
(770, 152, 'Urumaco','Parroquia'),
(771, 153, 'Puerto Cumarebo','Parroquia'),
(772, 153, 'La Ciénaga','Parroquia'),
(773, 153, 'La Soledad','Parroquia'),
(774, 153, 'Pueblo Cumarebo','Parroquia'),
(775, 153, 'Zazárida','Parroquia'),
(776, 153, 'Churuguara','Parroquia'),
(777, 154, 'Camaguán','Parroquia'),
(778, 154, 'Puerto Miranda','Parroquia'),
(779, 154, 'Uverito','Parroquia'),
(780, 155, 'Chaguaramas','Parroquia'),
(781, 156, 'El Socorro','Parroquia'),
(782, 157, 'Tucupido','Parroquia'),
(783, 157, 'San Rafael de Laya','Parroquia'),
(784, 158, 'Altagracia de Orituco','Parroquia'),
(785, 158, 'San Rafael de Orituco','Parroquia'),
(786, 158, 'San Francisco Javier de Lezama','Parroquia'),
(787, 158, 'Paso Real de Macaira','Parroquia'),
(788, 158, 'Carlos Soublette','Parroquia'),
(789, 158, 'San Francisco de Macaira','Parroquia'),
(790, 158, 'Libertad de Orituco','Parroquia'),
(791, 159, 'Cantaclaro','Parroquia'),
(792, 159, 'San Juan de los Morros','Parroquia'),
(793, 159, 'Parapara','Parroquia'),
(794, 160, 'El Sombrero','Parroquia'),
(795, 160, 'Sosa','Parroquia'),
(796, 161, 'Las Mercedes','Parroquia'),
(797, 161, 'Cabruta','Parroquia'),
(798, 161, 'Santa Rita de Manapire','Parroquia'),
(799, 162, 'Valle de la Pascua','Parroquia'),
(800, 162, 'Espino','Parroquia'),
(801, 163, 'San José de Unare','Parroquia'),
(802, 163, 'Zaraza','Parroquia'),
(803, 164, 'San José de Tiznados','Parroquia'),
(804, 164, 'San Francisco de Tiznados','Parroquia'),
(805, 164, 'San Lorenzo de Tiznados','Parroquia'),
(806, 164, 'Ortiz','Parroquia'),
(807, 165, 'Guayabal','Parroquia'),
(808, 165, 'Cazorla','Parroquia'),
(809, 166, 'San José de Guaribe','Parroquia'),
(810, 166, 'Uveral','Parroquia'),
(811, 167, 'Santa María de Ipire','Parroquia'),
(812, 167, 'Altamira','Parroquia'),
(813, 168, 'El Calvario','Parroquia'),
(814, 168, 'El Rastro','Parroquia'),
(815, 168, 'Guardatinajas','Parroquia'),
(816, 168, 'Capital Urbana Calabozo','Parroquia'),
(817, 169, 'Quebrada Honda de Guache','Parroquia'),
(818, 169, 'Pío Tamayo','Parroquia'),
(819, 169, 'Yacambú','Parroquia'),
(820, 170, 'Fréitez','Parroquia'),
(821, 170, 'José María Blanco','Parroquia'),
(822, 171, 'Catedral','Parroquia'),
(823, 171, 'Concepción','Parroquia'),
(824, 171, 'El Cují','Parroquia'),
(825, 171, 'Juan de Villegas','Parroquia'),
(826, 171, 'Santa Rosa','Parroquia'),
(827, 171, 'Tamaca','Parroquia'),
(828, 171, 'Unión','Parroquia'),
(829, 171, 'Aguedo Felipe Alvarado','Parroquia'),
(830, 171, 'Buena Vista','Parroquia'),
(831, 171, 'Juárez','Parroquia'),
(832, 172, 'Juan Bautista Rodríguez','Parroquia'),
(833, 172, 'Cuara','Parroquia'),
(834, 172, 'Diego de Lozada','Parroquia'),
(835, 172, 'Paraíso de San José','Parroquia'),
(836, 172, 'San Miguel','Parroquia'),
(837, 172, 'Tintorero','Parroquia'),
(838, 172, 'José Bernardo Dorante','Parroquia'),
(839, 172, 'Coronel Mariano Peraza ','Parroquia'),
(840, 173, 'Bolívar','Parroquia'),
(841, 173, 'Anzoátegui','Parroquia'),
(842, 173, 'Guarico','Parroquia'),
(843, 173, 'Hilario Luna y Luna','Parroquia'),
(844, 173, 'Humocaro Alto','Parroquia'),
(845, 173, 'Humocaro Bajo','Parroquia'),
(846, 173, 'La Candelaria','Parroquia'),
(847, 173, 'Morán','Parroquia'),
(848, 174, 'Cabudare','Parroquia'),
(849, 174, 'José Gregorio Bastidas','Parroquia'),
(850, 174, 'Agua Viva','Parroquia'),
(851, 175, 'Sarare','Parroquia'),
(852, 175, 'Buría','Parroquia'),
(853, 175, 'Gustavo Vegas León','Parroquia'),
(854, 176, 'Trinidad Samuel','Parroquia'),
(855, 176, 'Antonio Díaz','Parroquia'),
(856, 176, 'Camacaro','Parroquia'),
(857, 176, 'Castañeda','Parroquia'),
(858, 176, 'Cecilio Zubillaga','Parroquia'),
(859, 176, 'Chiquinquirá','Parroquia'),
(860, 176, 'El Blanco','Parroquia'),
(861, 176, 'Espinoza de los Monteros','Parroquia'),
(862, 176, 'Lara','Parroquia'),
(863, 176, 'Las Mercedes','Parroquia'),
(864, 176, 'Manuel Morillo','Parroquia'),
(865, 176, 'Montaña Verde','Parroquia'),
(866, 176, 'Montes de Oca','Parroquia'),
(867, 176, 'Torres','Parroquia'),
(868, 176, 'Heriberto Arroyo','Parroquia'),
(869, 176, 'Reyes Vargas','Parroquia'),
(870, 176, 'Altagracia','Parroquia'),
(871, 177, 'Siquisique','Parroquia'),
(872, 177, 'Moroturo','Parroquia'),
(873, 177, 'San Miguel','Parroquia'),
(874, 177, 'Xaguas','Parroquia'),
(875, 178, 'Presidente Betancourt','Parroquia'),
(876, 178, 'Presidente Páez','Parroquia'),
(877, 178, 'Presidente Rómulo Gallegos','Parroquia'),
(878, 178, 'Gabriel Picón González','Parroquia'),
(879, 178, 'Héctor Amable Mora','Parroquia'),
(880, 178, 'José Nucete Sardi','Parroquia'),
(881, 178, 'Pulido Méndez','Parroquia'),
(882, 179, 'La Azulita','Parroquia'),
(883, 180, 'Santa Cruz de Mora','Parroquia'),
(884, 180, 'Mesa Bolívar','Parroquia'),
(885, 180, 'Mesa de Las Palmas','Parroquia'),
(886, 181, 'Aricagua','Parroquia'),
(887, 181, 'San Antonio','Parroquia'),
(888, 182, 'Canagua','Parroquia'),
(889, 182, 'Capurí','Parroquia'),
(890, 182, 'Chacantá','Parroquia'),
(891, 182, 'El Molino','Parroquia'),
(892, 182, 'Guaimaral','Parroquia'),
(893, 182, 'Mucutuy','Parroquia'),
(894, 182, 'Mucuchachí','Parroquia'),
(895, 183, 'Fernández Peña','Parroquia'),
(896, 183, 'Matriz','Parroquia'),
(897, 183, 'Montalbán','Parroquia'),
(898, 183, 'Acequias','Parroquia'),
(899, 183, 'Jají','Parroquia'),
(900, 183, 'La Mesa','Parroquia'),
(901, 183, 'San José del Sur','Parroquia'),
(902, 184, 'Tucaní','Parroquia'),
(903, 184, 'Florencio Ramírez','Parroquia'),
(904, 185, 'Santo Domingo','Parroquia'),
(905, 185, 'Las Piedras','Parroquia'),
(906, 186, 'Guaraque','Parroquia'),
(907, 186, 'Mesa de Quintero','Parroquia'),
(908, 186, 'Río Negro','Parroquia'),
(909, 187, 'Arapuey','Parroquia'),
(910, 187, 'Palmira','Parroquia'),
(911, 188, 'San Cristóbal de Torondoy','Parroquia'),
(912, 188, 'Torondoy','Parroquia'),
(913, 189, 'Antonio Spinetti Dini','Parroquia'),
(914, 189, 'Arias','Parroquia'),
(915, 189, 'Caracciolo Parra Pérez','Parroquia'),
(916, 189, 'Domingo Peña','Parroquia'),
(917, 189, 'El Llano','Parroquia'),
(918, 189, 'Gonzalo Picón Febres','Parroquia'),
(919, 189, 'Jacinto Plaza','Parroquia'),
(920, 189, 'Juan Rodríguez Suárez','Parroquia'),
(921, 189, 'Lasso de la Vega','Parroquia'),
(922, 189, 'Mariano Picón Salas','Parroquia'),
(923, 189, 'Milla','Parroquia'),
(924, 189, 'Osuna Rodríguez','Parroquia'),
(925, 189, 'Sagrario','Parroquia'),
(926, 189, 'El Morro','Parroquia'),
(927, 189, 'Los Nevados','Parroquia'),
(928, 190, 'Andrés Eloy Blanco','Parroquia'),
(929, 190, 'La Venta','Parroquia'),
(930, 190, 'Piñango','Parroquia'),
(931, 190, 'Timotes','Parroquia'),
(932, 191, 'Eloy Paredes','Parroquia'),
(933, 191, 'San Rafael de Alcázar','Parroquia'),
(934, 191, 'Santa Elena de Arenales','Parroquia'),
(935, 192, 'Santa María de Caparo','Parroquia'),
(936, 193, 'Pueblo Llano','Parroquia'),
(937, 194, 'Cacute','Parroquia'),
(938, 194, 'La Toma','Parroquia'),
(939, 194, 'Mucuchíes','Parroquia'),
(940, 194, 'Mucurubá','Parroquia'),
(941, 194, 'San Rafael','Parroquia'),
(942, 195, 'Gerónimo Maldonado','Parroquia'),
(943, 195, 'Bailadores','Parroquia'),
(944, 196, 'Tabay','Parroquia'),
(945, 197, 'Chiguará','Parroquia'),
(946, 197, 'Estánquez','Parroquia'),
(947, 197, 'Lagunillas','Parroquia'),
(948, 197, 'La Trampa','Parroquia'),
(949, 197, 'Pueblo Nuevo del Sur','Parroquia'),
(950, 197, 'San Juan','Parroquia'),
(951, 198, 'El Amparo','Parroquia'),
(952, 198, 'El Llano','Parroquia'),
(953, 198, 'San Francisco','Parroquia'),
(954, 198, 'Tovar','Parroquia'),
(955, 199, 'Independencia','Parroquia'),
(956, 199, 'María de la Concepción Palacios Blanco','Parroquia'),
(957, 199, 'Nueva Bolivia','Parroquia'),
(958, 199, 'Santa Apolonia','Parroquia'),
(959, 200, 'Caño El Tigre','Parroquia'),
(960, 200, 'Zea','Parroquia'),
(961, 201, 'Aragüita','Parroquia'),
(962, 201, 'Arévalo González','Parroquia'),
(963, 201, 'Capaya','Parroquia'),
(964, 201, 'Caucagua','Parroquia'),
(965, 201, 'Panaquire','Parroquia'),
(966, 201, 'Ribas','Parroquia'),
(967, 201, 'El Café','Parroquia'),
(968, 201, 'Marizapa','Parroquia'),
(969, 202, 'Cumbo','Parroquia'),
(970, 202, 'San José de Barlovento','Parroquia'),
(971, 203, 'El Cafetal','Parroquia'),
(972, 203, 'Las Minas','Parroquia'),
(973, 203, 'Nuestra Señora del Rosario','Parroquia'),
(974, 204, 'Higuerote','Parroquia'),
(975, 204, 'Curiepe','Parroquia'),
(976, 204, 'Tacarigua de Brión','Parroquia'),
(977, 205, 'Mamporal','Parroquia'),
(978, 206, 'Carrizal','Parroquia'),
(979, 207, 'Chacao','Parroquia'),
(980, 208, 'Charallave','Parroquia'),
(981, 208, 'Las Brisas','Parroquia'),
(982, 209, 'El Hatillo','Parroquia'),
(983, 210, 'Altagracia de la Montaña','Parroquia'),
(984, 210, 'Cecilio Acosta','Parroquia'),
(985, 210, 'Los Teques','Parroquia'),
(986, 210, 'El Jarillo','Parroquia'),
(987, 210, 'San Pedro','Parroquia'),
(988, 210, 'Tácata','Parroquia'),
(989, 210, 'Paracotos','Parroquia'),
(990, 211, 'Cartanal','Parroquia'),
(991, 211, 'Santa Teresa del Tuy','Parroquia'),
(992, 212, 'La Democracia','Parroquia'),
(993, 212, 'Ocumare del Tuy','Parroquia'),
(994, 212, 'Santa Bárbara','Parroquia'),
(995, 213, 'San Antonio de los Altos','Parroquia'),
(996, 214, 'Río Chico','Parroquia'),
(997, 214, 'El Guapo','Parroquia'),
(998, 214, 'Tacarigua de la Laguna','Parroquia'),
(999, 214, 'Paparo','Parroquia'),
(1000, 214, 'San Fernando del Guapo','Parroquia'),
(1001, 215, 'Santa Lucía del Tuy','Parroquia'),
(1002, 216, 'Cúpira','Parroquia'),
(1003, 216, 'Machurucuto','Parroquia'),
(1004, 217, 'Guarenas','Parroquia'),
(1005, 218, 'San Antonio de Yare','Parroquia'),
(1006, 218, 'San Francisco de Yare','Parroquia'),
(1007, 219, 'Leoncio Martínez','Parroquia'),
(1008, 219, 'Petare','Parroquia'),
(1009, 219, 'Caucagüita','Parroquia'),
(1010, 219, 'Filas de Mariche','Parroquia'),
(1011, 219, 'La Dolorita','Parroquia'),
(1012, 220, 'Cúa','Parroquia'),
(1013, 220, 'Nueva Cúa','Parroquia'),
(1014, 221, 'Guatire','Parroquia'),
(1015, 221, 'Bolívar','Parroquia'),
(1016, 222, 'San Antonio de Maturín','Parroquia'),
(1017, 222, 'San Francisco de Maturín','Parroquia'),
(1018, 223, 'Aguasay','Parroquia'),
(1019, 224, 'Caripito','Parroquia'),
(1020, 225, 'El Guácharo','Parroquia'),
(1021, 225, 'La Guanota','Parroquia'),
(1022, 225, 'Sabana de Piedra','Parroquia'),
(1023, 225, 'San Agustín','Parroquia'),
(1024, 225, 'Teresen','Parroquia'),
(1025, 225, 'Caripe','Parroquia'),
(1026, 226, 'Areo','Parroquia'),
(1027, 226, 'Capital Cedeño','Parroquia'),
(1028, 226, 'San Félix de Cantalicio','Parroquia'),
(1029, 226, 'Viento Fresco','Parroquia'),
(1030, 227, 'El Tejero','Parroquia'),
(1031, 227, 'Punta de Mata','Parroquia'),
(1032, 228, 'Chaguaramas','Parroquia'),
(1033, 228, 'Las Alhuacas','Parroquia'),
(1034, 228, 'Tabasca','Parroquia'),
(1035, 228, 'Temblador','Parroquia'),
(1036, 229, 'Alto de los Godos','Parroquia'),
(1037, 229, 'Boquerón','Parroquia'),
(1038, 229, 'Las Cocuizas','Parroquia'),
(1039, 229, 'La Cruz','Parroquia'),
(1040, 229, 'San Simón','Parroquia'),
(1041, 229, 'El Corozo','Parroquia'),
(1042, 229, 'El Furrial','Parroquia'),
(1043, 229, 'Jusepín','Parroquia'),
(1044, 229, 'La Pica','Parroquia'),
(1045, 229, 'San Vicente','Parroquia'),
(1046, 230, 'Aparicio','Parroquia'),
(1047, 230, 'Aragua de Maturín','Parroquia'),
(1048, 230, 'Chaguamal','Parroquia'),
(1049, 230, 'El Pinto','Parroquia'),
(1050, 230, 'Guanaguana','Parroquia'),
(1051, 230, 'La Toscana','Parroquia'),
(1052, 230, 'Taguaya','Parroquia'),
(1053, 231, 'Cachipo','Parroquia'),
(1054, 231, 'Quiriquire','Parroquia'),
(1055, 232, 'Santa Bárbara','Parroquia'),
(1056, 233, 'Barrancas','Parroquia'),
(1057, 233, 'Los Barrancos de Fajardo','Parroquia'),
(1058, 234, 'Uracoa','Parroquia'),
(1059, 235, 'Antolín del Campo','Parroquia'),
(1060, 236, 'Arismendi','Parroquia'),
(1061, 237, 'García','Parroquia'),
(1062, 237, 'Francisco Fajardo','Parroquia'),
(1063, 238, 'Bolívar','Parroquia'),
(1064, 238, 'Guevara','Parroquia'),
(1065, 238, 'Matasiete','Parroquia'),
(1066, 238, 'Santa Ana','Parroquia'),
(1067, 238, 'Sucre','Parroquia'),
(1068, 239, 'Aguirre','Parroquia'),
(1069, 239, 'Maneiro','Parroquia'),
(1070, 240, 'Adrián','Parroquia'),
(1071, 240, 'Juan Griego','Parroquia'),
(1072, 240, 'Yaguaraparo','Parroquia'),
(1073, 241, 'Porlamar','Parroquia'),
(1074, 242, 'San Francisco de Macanao','Parroquia'),
(1075, 242, 'Boca de Río','Parroquia'),
(1076, 243, 'Tubores','Parroquia'),
(1077, 243, 'Los Baleales','Parroquia'),
(1078, 244, 'Vicente Fuentes','Parroquia'),
(1079, 244, 'Villalba','Parroquia'),
(1080, 245, 'San Juan Bautista','Parroquia'),
(1081, 245, 'Zabala','Parroquia'),
(1082, 246, 'Capital Araure','Parroquia'),
(1083, 246, 'Río Acarigua','Parroquia'),
(1084, 247, 'Capital Esteller','Parroquia'),
(1085, 247, 'Uveral','Parroquia'),
(1086, 248, 'Guanare','Parroquia'),
(1087, 248, 'Córdoba','Parroquia'),
(1088, 248, 'San José de la Montaña','Parroquia'),
(1089, 248, 'San Juan de Guanaguanare','Parroquia'),
(1090, 248, 'Virgen de la Coromoto','Parroquia'),
(1091, 249, 'Guanarito','Parroquia'),
(1092, 249, 'Trinidad de la Capilla','Parroquia'),
(1093, 249, 'Divina Pastora','Parroquia'),
(1094, 250, 'Monseñor José Vicente de Unda','Parroquia'),
(1095, 250, 'Peña Blanca','Parroquia'),
(1096, 251, 'Capital Ospino','Parroquia'),
(1097, 251, 'Aparición','Parroquia'),
(1098, 251, 'La Estación','Parroquia'),
(1099, 252, 'Páez','Parroquia'),
(1100, 252, 'Payara','Parroquia'),
(1101, 252, 'Pimpinela','Parroquia'),
(1102, 252, 'Ramón Peraza','Parroquia'),
(1103, 253, 'Papelón','Parroquia'),
(1104, 253, 'Caño Delgadito','Parroquia'),
(1105, 254, 'San Genaro de Boconoito','Parroquia'),
(1106, 254, 'Antolín Tovar','Parroquia'),
(1107, 255, 'San Rafael de Onoto','Parroquia'),
(1108, 255, 'Santa Fe','Parroquia'),
(1109, 255, 'Thermo Morles','Parroquia'),
(1110, 256, 'Santa Rosalía','Parroquia'),
(1111, 256, 'Florida','Parroquia'),
(1112, 257, 'Sucre','Parroquia'),
(1113, 257, 'Concepción','Parroquia'),
(1114, 257, 'San Rafael de Palo Alzado','Parroquia'),
(1115, 257, 'Uvencio Antonio Velásquez','Parroquia'),
(1116, 257, 'San José de Saguaz','Parroquia'),
(1117, 257, 'Villa Rosa','Parroquia'),
(1118, 258, 'Turén','Parroquia'),
(1119, 258, 'Canelones','Parroquia'),
(1120, 258, 'Santa Cruz','Parroquia'),
(1121, 258, 'San Isidro Labrador','Parroquia'),
(1122, 259, 'Mariño','Parroquia'),
(1123, 259, 'Rómulo Gallegos','Parroquia'),
(1124, 260, 'San José de Aerocuar','Parroquia'),
(1125, 260, 'Tavera Acosta','Parroquia'),
(1126, 261, 'Río Caribe','Parroquia'),
(1127, 261, 'Antonio José de Sucre','Parroquia'),
(1128, 261, 'El Morro de Puerto Santo','Parroquia'),
(1129, 261, 'Puerto Santo','Parroquia'),
(1130, 261, 'San Juan de las Galdonas','Parroquia'),
(1131, 262, 'El Pilar','Parroquia'),
(1132, 262, 'El Rincón','Parroquia'),
(1133, 262, 'General Francisco Antonio Váquez','Parroquia'),
(1134, 262, 'Guaraúnos','Parroquia'),
(1135, 262, 'Tunapuicito','Parroquia'),
(1136, 262, 'Unión','Parroquia'),
(1137, 263, 'Santa Catalina','Parroquia'),
(1138, 263, 'Santa Rosa','Parroquia'),
(1139, 263, 'Santa Teresa','Parroquia'),
(1140, 263, 'Bolívar','Parroquia'),
(1141, 263, 'Maracapana','Parroquia'),
(1142, 264, 'Libertad','Parroquia'),
(1143, 264, 'El Paujil','Parroquia'),
(1144, 264, 'Yaguaraparo','Parroquia'),
(1145, 265, 'Cruz Salmerón Acosta','Parroquia'),
(1146, 265, 'Chacopata','Parroquia'),
(1147, 265, 'Manicuare','Parroquia'),
(1148, 266, 'Tunapuy','Parroquia'),
(1149, 266, 'Campo Elías','Parroquia'),
(1150, 267, 'Irapa','Parroquia'),
(1151, 267, 'Campo Claro','Parroquia'),
(1152, 267, 'Maraval','Parroquia'),
(1153, 267, 'San Antonio de Irapa','Parroquia'),
(1154, 267, 'Soro','Parroquia'),
(1155, 268, 'Mejía','Parroquia'),
(1156, 269, 'Cumanacoa','Parroquia'),
(1157, 269, 'Arenas','Parroquia'),
(1158, 269, 'Aricagua','Parroquia'),
(1159, 269, 'Cogollar','Parroquia'),
(1160, 269, 'San Fernando','Parroquia'),
(1161, 269, 'San Lorenzo','Parroquia'),
(1162, 270, 'Villa Frontado (Muelle de Cariaco)','Parroquia'),
(1163, 270, 'Catuaro','Parroquia'),
(1164, 270, 'Rendón','Parroquia'),
(1165, 270, 'San Cruz','Parroquia'),
(1166, 270, 'Santa María','Parroquia'),
(1167, 271, 'Altagracia','Parroquia'),
(1168, 271, 'Santa Inés','Parroquia'),
(1169, 271, 'Valentín Valiente','Parroquia'),
(1170, 271, 'Ayacucho','Parroquia'),
(1171, 271, 'San Juan','Parroquia'),
(1172, 271, 'Raúl Leoni','Parroquia'),
(1173, 271, 'Gran Mariscal','Parroquia'),
(1174, 272, 'Cristóbal Colón','Parroquia'),
(1175, 272, 'Bideau','Parroquia'),
(1176, 272, 'Punta de Piedras','Parroquia'),
(1177, 272, 'Güiria','Parroquia'),
(1178, 273, 'Andrés Bello','Parroquia'),
(1179, 274, 'Antonio Rómulo Costa','Parroquia'),
(1180, 275, 'Ayacucho','Parroquia'),
(1181, 275, 'Rivas Berti','Parroquia'),
(1182, 275, 'San Pedro del Río','Parroquia'),
(1183, 276, 'Bolívar','Parroquia'),
(1184, 276, 'Palotal','Parroquia'),
(1185, 276, 'General Juan Vicente Gómez','Parroquia'),
(1186, 276, 'Isaías Medina Angarita','Parroquia'),
(1187, 277, 'Cárdenas','Parroquia'),
(1188, 277, 'Amenodoro Ángel Lamus','Parroquia'),
(1189, 277, 'La Florida','Parroquia'),
(1190, 278, 'Córdoba','Parroquia'),
(1191, 279, 'Fernández Feo','Parroquia'),
(1192, 279, 'Alberto Adriani','Parroquia'),
(1193, 279, 'Santo Domingo','Parroquia'),
(1194, 280, 'Francisco de Miranda','Parroquia'),
(1195, 281, 'García de Hevia','Parroquia'),
(1196, 281, 'Boca de Grita','Parroquia'),
(1197, 281, 'José Antonio Páez','Parroquia'),
(1198, 282, 'Guásimos','Parroquia'),
(1199, 283, 'Independencia','Parroquia'),
(1200, 283, 'Juan Germán Roscio','Parroquia'),
(1201, 283, 'Román Cárdenas','Parroquia'),
(1202, 284, 'Jáuregui','Parroquia'),
(1203, 284, 'Emilio Constantino Guerrero','Parroquia'),
(1204, 284, 'Monseñor Miguel Antonio Salas','Parroquia'),
(1205, 285, 'José María Vargas','Parroquia'),
(1206, 286, 'Junín','Parroquia'),
(1207, 286, 'La Petrólea','Parroquia'),
(1208, 286, 'Quinimarí','Parroquia'),
(1209, 286, 'Bramón','Parroquia'),
(1210, 287, 'Libertad','Parroquia'),
(1211, 287, 'Cipriano Castro','Parroquia'),
(1212, 287, 'Manuel Felipe Rugeles','Parroquia'),
(1213, 288, 'Libertador','Parroquia'),
(1214, 288, 'Doradas','Parroquia'),
(1215, 288, 'Emeterio Ochoa','Parroquia'),
(1216, 288, 'San Joaquín de Navay','Parroquia'),
(1217, 289, 'Lobatera','Parroquia'),
(1218, 289, 'Constitución','Parroquia'),
(1219, 290, 'Michelena','Parroquia'),
(1220, 291, 'Panamericano','Parroquia'),
(1221, 291, 'La Palmita','Parroquia'),
(1222, 292, 'Pedro María Ureña','Parroquia'),
(1223, 292, 'Nueva Arcadia','Parroquia'),
(1224, 293, 'Delicias','Parroquia'),
(1225, 293, 'Pecaya','Parroquia'),
(1226, 294, 'Samuel Darío Maldonado','Parroquia'),
(1227, 294, 'Boconó','Parroquia'),
(1228, 294, 'Hernández','Parroquia'),
(1229, 295, 'La Concordia','Parroquia'),
(1230, 295, 'San Juan Bautista','Parroquia'),
(1231, 295, 'Pedro María Morantes','Parroquia'),
(1232, 295, 'San Sebastián','Parroquia'),
(1233, 295, 'Dr. Francisco Romero Lobo','Parroquia'),
(1234, 296, 'Seboruco','Parroquia'),
(1235, 297, 'Simón Rodríguez','Parroquia'),
(1236, 298, 'Sucre','Parroquia'),
(1237, 298, 'Eleazar López Contreras','Parroquia'),
(1238, 298, 'San Pablo','Parroquia'),
(1239, 299, 'Torbes','Parroquia'),
(1240, 300, 'Uribante','Parroquia'),
(1241, 300, 'Cárdenas','Parroquia'),
(1242, 300, 'Juan Pablo Peñalosa','Parroquia'),
(1243, 300, 'Potosí','Parroquia'),
(1244, 301, 'San Judas Tadeo','Parroquia'),
(1245, 302, 'Araguaney','Parroquia'),
(1246, 302, 'El Jaguito','Parroquia'),
(1247, 302, 'La Esperanza','Parroquia'),
(1248, 302, 'Santa Isabel','Parroquia'),
(1249, 303, 'Boconó','Parroquia'),
(1250, 303, 'El Carmen','Parroquia'),
(1251, 303, 'Mosquey','Parroquia'),
(1252, 303, 'Ayacucho','Parroquia'),
(1253, 303, 'Burbusay','Parroquia'),
(1254, 303, 'General Ribas','Parroquia'),
(1255, 303, 'Guaramacal','Parroquia'),
(1256, 303, 'Vega de Guaramacal','Parroquia'),
(1257, 303, 'Monseñor Jáuregui','Parroquia'),
(1258, 303, 'Rafael Rangel','Parroquia'),
(1259, 303, 'San Miguel','Parroquia'),
(1260, 303, 'San José','Parroquia'),
(1261, 304, 'Sabana Grande','Parroquia'),
(1262, 304, 'Cheregüé','Parroquia'),
(1263, 304, 'Granados','Parroquia'),
(1264, 305, 'Arnoldo Gabaldón','Parroquia'),
(1265, 305, 'Bolivia','Parroquia'),
(1266, 305, 'Carrillo','Parroquia'),
(1267, 305, 'Cegarra','Parroquia'),
(1268, 305, 'Chejendé','Parroquia'),
(1269, 305, 'Manuel Salvador Ulloa','Parroquia'),
(1270, 305, 'San José','Parroquia'),
(1271, 306, 'Carache','Parroquia'),
(1272, 306, 'La Concepción','Parroquia'),
(1273, 306, 'Cuicas','Parroquia'),
(1274, 306, 'Panamericana','Parroquia'),
(1275, 306, 'Santa Cruz','Parroquia'),
(1276, 307, 'Escuque','Parroquia'),
(1277, 307, 'La Unión','Parroquia'),
(1278, 307, 'Santa Rita','Parroquia'),
(1279, 307, 'Sabana Libre','Parroquia'),
(1280, 308, 'El Socorro','Parroquia'),
(1281, 308, 'Los Caprichos','Parroquia'),
(1282, 308, 'Antonio José de Sucre','Parroquia'),
(1283, 309, 'Campo Elías','Parroquia'),
(1284, 309, 'Arnoldo Gabaldón','Parroquia'),
(1285, 310, 'Santa Apolonia','Parroquia'),
(1286, 310, 'El Progreso','Parroquia'),
(1287, 310, 'La Ceiba','Parroquia'),
(1288, 310, 'Tres de Febrero','Parroquia'),
(1289, 311, 'El Dividive','Parroquia'),
(1290, 311, 'Agua Santa','Parroquia'),
(1291, 311, 'Agua Caliente','Parroquia'),
(1292, 311, 'El Cenizo','Parroquia'),
(1293, 311, 'Valerita','Parroquia'),
(1294, 312, 'Monte Carmelo','Parroquia'),
(1295, 312, 'Buena Vista','Parroquia'),
(1296, 312, 'Santa María del Horcón','Parroquia'),
(1297, 313, 'Motatán','Parroquia'),
(1298, 313, 'El Baño','Parroquia'),
(1299, 313, 'Jalisco','Parroquia'),
(1300, 314, 'Pampán','Parroquia'),
(1301, 314, 'Flor de Patria','Parroquia'),
(1302, 314, 'La Paz','Parroquia'),
(1303, 314, 'Santa Ana','Parroquia'),
(1304, 315, 'Pampanito','Parroquia'),
(1305, 315, 'La Concepción','Parroquia'),
(1306, 315, 'Pampanito II','Parroquia'),
(1307, 316, 'Betijoque','Parroquia'),
(1308, 316, 'José Gregorio Hernández','Parroquia'),
(1309, 316, 'La Pueblita','Parroquia'),
(1310, 316, 'Los Cedros','Parroquia'),
(1311, 317, 'Carvajal','Parroquia'),
(1312, 317, 'Campo Alegre','Parroquia'),
(1313, 317, 'Antonio Nicolás Briceño','Parroquia'),
(1314, 317, 'José Leonardo Suárez','Parroquia'),
(1315, 318, 'Sabana de Mendoza','Parroquia'),
(1316, 318, 'Junín','Parroquia'),
(1317, 318, 'Valmore Rodríguez','Parroquia'),
(1318, 318, 'El Paraíso','Parroquia'),
(1319, 319, 'Andrés Linares','Parroquia'),
(1320, 319, 'Chiquinquirá','Parroquia'),
(1321, 319, 'Cristóbal Mendoza','Parroquia'),
(1322, 319, 'Cruz Carrillo','Parroquia'),
(1323, 319, 'Matriz','Parroquia'),
(1324, 319, 'Monseñor Carrillo','Parroquia'),
(1325, 319, 'Tres Esquinas','Parroquia'),
(1326, 320, 'Cabimbú','Parroquia'),
(1327, 320, 'Jajó','Parroquia'),
(1328, 320, 'La Mesa de Esnujaque','Parroquia'),
(1329, 320, 'Santiago','Parroquia'),
(1330, 320, 'Tuñame','Parroquia'),
(1331, 320, 'La Quebrada','Parroquia'),
(1332, 321, 'Juan Ignacio Montilla','Parroquia'),
(1333, 321, 'La Beatriz','Parroquia'),
(1334, 321, 'La Puerta','Parroquia'),
(1335, 321, 'Mendoza del Valle de Momboy','Parroquia'),
(1336, 321, 'Mercedes Díaz','Parroquia'),
(1337, 321, 'San Luis','Parroquia'),
(1338, 322, 'Caraballeda','Parroquia'),
(1339, 322, 'Carayaca','Parroquia'),
(1340, 322, 'Carlos Soublette','Parroquia'),
(1341, 322, 'Caruao Chuspa','Parroquia'),
(1342, 322, 'Catia La Mar','Parroquia'),
(1343, 322, 'El Junko','Parroquia'),
(1344, 322, 'La Guaira','Parroquia'),
(1345, 322, 'Macuto','Parroquia'),
(1346, 322, 'Maiquetía','Parroquia'),
(1347, 322, 'Naiguatá','Parroquia'),
(1348, 322, 'Urimare','Parroquia'),
(1349, 323, 'Arístides Bastidas','Parroquia'),
(1350, 324, 'Bolívar','Parroquia'),
(1351, 325, 'Chivacoa','Parroquia'),
(1352, 325, 'Campo Elías','Parroquia'),
(1353, 326, 'Cocorote','Parroquia'),
(1354, 327, 'Independencia','Parroquia'),
(1355, 328, 'José Antonio Páez','Parroquia'),
(1356, 329, 'La Trinidad','Parroquia'),
(1357, 330, 'Manuel Monge','Parroquia'),
(1358, 331, 'Salóm','Parroquia'),
(1359, 331, 'Temerla','Parroquia'),
(1360, 331, 'Nirgua','Parroquia'),
(1361, 332, 'San Andrés','Parroquia'),
(1362, 332, 'Yaritagua','Parroquia'),
(1363, 333, 'San Javier','Parroquia'),
(1364, 333, 'Albarico','Parroquia'),
(1365, 333, 'San Felipe','Parroquia'),
(1366, 334, 'Sucre','Parroquia'),
(1367, 335, 'Urachiche','Parroquia'),
(1368, 336, 'El Guayabo','Parroquia'),
(1369, 336, 'Farriar','Parroquia'),
(1370, 337, 'Isla de Toas','Parroquia'),
(1371, 337, 'Monagas','Parroquia'),
(1372, 338, 'San Timoteo','Parroquia'),
(1373, 338, 'General Urdaneta','Parroquia'),
(1374, 338, 'Libertador','Parroquia'),
(1375, 338, 'Marcelino Briceño','Parroquia'),
(1376, 338, 'Pueblo Nuevo','Parroquia'),
(1377, 338, 'Manuel Guanipa Matos','Parroquia'),
(1378, 339, 'Ambrosio','Parroquia'),
(1379, 339, 'Carmen Herrera','Parroquia'),
(1380, 339, 'La Rosa','Parroquia'),
(1381, 339, 'Germán Ríos Linares','Parroquia'),
(1382, 339, 'San Benito','Parroquia'),
(1383, 339, 'Rómulo Betancourt','Parroquia'),
(1384, 339, 'Jorge Hernández','Parroquia'),
(1385, 339, 'Punta Gorda','Parroquia'),
(1386, 339, 'Arístides Calvani','Parroquia'),
(1387, 340, 'Encontrados','Parroquia'),
(1388, 340, 'Udón Pérez','Parroquia'),
(1389, 341, 'Moralito','Parroquia'),
(1390, 341, 'San Carlos del Zulia','Parroquia'),
(1391, 341, 'Santa Cruz del Zulia','Parroquia'),
(1392, 341, 'Santa Bárbara','Parroquia'),
(1393, 341, 'Urribarrí','Parroquia'),
(1394, 342, 'Carlos Quevedo','Parroquia'),
(1395, 342, 'Francisco Javier Pulgar','Parroquia'),
(1396, 342, 'Simón Rodríguez','Parroquia'),
(1397, 342, 'Guamo-Gavilanes','Parroquia'),
(1398, 343, 'La Concepción','Parroquia'),
(1399, 343, 'San José','Parroquia'),
(1400, 343, 'Mariano Parra León','Parroquia'),
(1401, 343, 'José Ramón Yépez','Parroquia'),
(1402, 344, 'Jesús María Semprún','Parroquia'),
(1403, 344, 'Barí','Parroquia'),
(1404, 345, 'Concepción','Parroquia'),
(1405, 345, 'Andrés Bello','Parroquia'),
(1406, 345, 'Chiquinquirá','Parroquia'),
(1407, 345, 'El Carmelo','Parroquia'),
(1408, 345, 'Potreritos','Parroquia'),
(1409, 346, 'Libertad','Parroquia'),
(1410, 346, 'Alonso de Ojeda','Parroquia'),
(1411, 346, 'Venezuela','Parroquia'),
(1412, 346, 'Eleazar López Contreras','Parroquia'),
(1413, 346, 'Campo Lara','Parroquia'),
(1414, 347, 'Bartolomé de las Casas','Parroquia'),
(1415, 347, 'Libertad','Parroquia'),
(1416, 347, 'Río Negro','Parroquia'),
(1417, 347, 'San José de Perijá','Parroquia'),
(1418, 348, 'San Rafael','Parroquia'),
(1419, 348, 'La Sierrita','Parroquia'),
(1420, 348, 'Las Parcelas','Parroquia'),
(1421, 348, 'Luis de Vicente','Parroquia'),
(1422, 348, 'Monseñor Marcos Sergio Godoy','Parroquia'),
(1423, 348, 'Ricaurte','Parroquia'),
(1424, 348, 'Tamare','Parroquia'),
(1425, 349, 'Antonio Borjas Romero','Parroquia'),
(1426, 349, 'Bolívar','Parroquia'),
(1427, 349, 'Cacique Mara','Parroquia'),
(1428, 349, 'Carracciolo Parra Pérez','Parroquia'),
(1429, 349, 'Cecilio Acosta','Parroquia'),
(1430, 349, 'Cristo de Aranza','Parroquia'),
(1431, 349, 'Coquivacoa','Parroquia'),
(1432, 349, 'Chiquinquirá','Parroquia'),
(1433, 349, 'Francisco Eugenio Bustamante','Parroquia'),
(1434, 349, 'Idelfonzo Vásquez','Parroquia'),
(1435, 349, 'Juana de Ávila','Parroquia'),
(1436, 349, 'Luis Hurtado Higuera','Parroquia'),
(1437, 349, 'Manuel Dagnino','Parroquia'),
(1438, 349, 'Olegario Villalobos','Parroquia'),
(1439, 349, 'Raúl Leoni','Parroquia'),
(1440, 349, 'Santa Lucía','Parroquia'),
(1441, 349, 'Venancio Pulgar','Parroquia'),
(1442, 349, 'San Isidro','Parroquia'),
(1443, 350, 'Altagracia','Parroquia'),
(1444, 350, 'Faría','Parroquia'),
(1445, 350, 'Ana María Campos','Parroquia'),
(1446, 350, 'San Antonio','Parroquia'),
(1447, 350, 'San José','Parroquia'),
(1448, 351, 'Donaldo García','Parroquia'),
(1449, 351, 'El Rosario','Parroquia'),
(1450, 351, 'Sixto Zambrano','Parroquia'),
(1451, 352, 'San Francisco','Parroquia'),
(1452, 352, 'El Bajo','Parroquia'),
(1453, 352, 'Domitila Flores','Parroquia'),
(1454, 352, 'Francisco Ochoa','Parroquia'),
(1455, 352, 'Los Cortijos','Parroquia'),
(1456, 352, 'Marcial Hernández','Parroquia'),
(1457, 353, 'Santa Rita','Parroquia'),
(1458, 353, 'El Mene','Parroquia'),
(1459, 353, 'Pedro Lucas Urribarrí','Parroquia'),
(1460, 353, 'José Cenobio Urribarrí','Parroquia'),
(1461, 354, 'Rafael Maria Baralt','Parroquia'),
(1462, 354, 'Manuel Manrique','Parroquia'),
(1463, 354, 'Rafael Urdaneta','Parroquia'),
(1464, 355, 'Bobures','Parroquia'),
(1465, 355, 'Gibraltar','Parroquia'),
(1466, 355, 'Heras','Parroquia'),
(1467, 355, 'Monseñor Arturo Álvarez','Parroquia'),
(1468, 355, 'Rómulo Gallegos','Parroquia'),
(1469, 355, 'El Batey','Parroquia'),
(1470, 356, 'Rafael Urdaneta','Parroquia'),
(1471, 356, 'La Victoria','Parroquia'),
(1472, 356, 'Raúl Cuenca','Parroquia'),
(1473, 356, 'Sinamaica','Parroquia'),
(1474, 356, 'Alta Guajira','Parroquia'),
(1475, 356, 'Elías Sánchez Rubio','Parroquia'),
(1476, 356, 'Guajira','Parroquia'),
(1477, 357, 'Altagracia','Parroquia'),
(1478, 357, 'Antímano','Parroquia'),
(1479, 357, 'Caricuao','Parroquia'),
(1480, 357, 'Catedral','Parroquia'),
(1481, 357, 'Coche','Parroquia'),
(1482, 357, 'El Junquito','Parroquia'),
(1483, 357, 'El Paraíso','Parroquia'),
(1484, 357, 'El Recreo','Parroquia'),
(1485, 357, 'El Valle','Parroquia'),
(1486, 357, 'La Candelaria','Parroquia'),
(1487, 357, 'La Pastora','Parroquia'),
(1488, 357, 'La Vega','Parroquia'),
(1489, 357, 'Macarao','Parroquia'),
(1490, 357, 'San Agustín','Parroquia'),
(1491, 357, 'San Bernardino','Parroquia'),
(1492, 357, 'San José','Parroquia'),
(1493, 357, 'San Juan','Parroquia'),
(1494, 357, 'San Pedro','Parroquia'),
(1495, 357, 'Santa Rosalía','Parroquia'),
(1496, 357, 'Santa Teresa','Parroquia'),
(1497, 357, 'Sucre (Catia)','Parroquia'),
(1498, 357, '23 de enero','Parroquia');

--DELETE FROM fabrica;
INSERT INTO fabrica (fab_codigo, fab_nombre, fk_lug_codigo) VALUES
(1, 'Catia la Mar', 1344),
(2, 'Valencia', 115),
(3, 'Maracay', 61),
(4,	'Guatire', 1014),
(5, 'Planta de Colon', 343);

--DELETE FROM zona;
INSERT INTO zona (zon_codigo, zon_nombre, zon_descripcion, fk_fab_codigo) VALUES
(1 , 'zona de ensamble principal de aviones', 'zona donde se ensamblan los aviones', 1),
(2 , 'zona de pintura', 'zona donde se pintan los aviones', 1),
(3, 'zona de acabado interior', 'zona donde se ensamblan los elementos del interior del avion', 2),
(4, 'zona de despacho', 'zona donde se despachan' , 3),
(5, 'zona de ensamble', 'zona donde se ensamblan las piezas', 3),
(6, 'zona de certificacion de calidad', 'zona donde se verifica la calidad', 3);

INSERT INTO personal (per_ci, per_nombre, per_apellido1, per_apellido2, per_fecha_inicio, per_titulacion, per_experiencia, fk_lug_codigo, fk_zon_codigo) VALUES
(10000000, 'Alejandro', 'Rojas', 'Reyes', '01/03/2015', 'Ingeniero aeronautico', 'Recien graduado', 1348, 1),
(20000000, 'Benito', 'Suarez', 'Ocando', '01/09/2015', 'Pintor', '7 años Toyota', 1348, 2),
(11212123, 'Keysi', 'Sayago', 'Gomez', '01/03/2014', 'Tecnico superior en administracion', '2 años Plumrose', 476, 3),
(11212312, 'Michelle', 'Gonzalez', 'Jraiche', '26/01/2006', 'Ingeniero mecánico', '4 años Vepica', 476, 5),
(19080988, 'Victor', 'Manrique', 'Perez', '15/05/2008', 'Ingeniero en produccion', 'Recien graduado', 476, 6),
(10909899, 'Jamileth', 'Granados', 'Sislema', '01/08/2015', 'Bachiller', '3 años Mcdonals', 474, 4);

INSERT INTO beneficiario (ben_ci,ben_nombre,ben_apellido_1,ben_apellido_2,ben_parentesco,fk_lug_codigo,fk_per_ci) VALUES
(16890891, 'Antonio', 'Rojas','Fernández','Hijo',1348,10000000),
(20123123,'Veronica','Suarez','Verde','Hija',1348,20000000),
(23666787, 'Andrea','Sayago','Saito',476,11212123),
(23606123,'Marialette','Gonzalez','Argueyes','Hija',476,11212312),
(20012122,'Joneyver','Granados','Granados','Hijo',474,10909899);

INSERT INTO proveedor (pro_rif,pro_nombre,pro_monto_acreditado,pro_fecha_inicio,fk_lug_codigo) VALUES 
(62323333,'Sidor',200000,'01/01/2006',545),
(71231233,'Ferretotal',400000,'01/02/2010',382),
(90001234,'Hierros de Venezuela',600000,'01/11/2011',1003),
(81231123,'MetalesBE',800000,'01/03/2007',975),
(100000000,'PizzaHut',10000,'01/0/4/2007',10),
(51231233,'Adecos4ever',300000,'01/02/2010',30),
(121222222,'4ever71',2000000,'02/03/2011',45),
(98787781,'HundundKatze',1000000,'01/06/2012',97),
(200000000,'Ornitorrinco y Herreria',500000,'01/10/2013',150),
(140101233,'PhineasyFerb Inc',35000,'10/11/2015',650),
(56701233,'ElectroLux',17500,'11/11/2011',766),
(69191200,'Las Chicas Super Ensambladoras',180090,'12/12/2016',34),
(78900010,'Los Repuestos de Mickey',1000500,'03/10/2015',43),
(123233244,'El Señor de los Tornillos',97500,'04/08/2010',87),
(103307782,'HP y los asientos filosofales',30000,'03/05/2011',97),
(178880988,'The tool games',50000,'01/01/2012',102),
(34564567,'The Controlix',10000,'01/09/2013',120),
(122342123,'Edson y Agregados',15000,'01/10/2014',201),
(201321231,'Las Hevias',23520,'02/10/2015',301),
(12343564,'Los Lozanos',12000,'01/11/2016',303),
(98767657,'Los Cauchos de Alex',1000,'02/04/2013',201);

INSERT INTO cliente (cli_rif,cli_nombre,cli_monto_acreditado,cli_fecha_inicio,fk_lug_codigo) VALUES
(123336666,'Avior',2000000,'10/12/2010',78),
(99090987,'Avianca',3000000,'10/01/2011',78),
(123447677,'Aeropostal',3500000,'01/01/2011',80),
(123336686,'Viasa',1000000,'01/06/2012',100),
(223399666,'Aserca Airlines','15/08/2011',202),
(523436896,'Laser','15/10/2010',40),
(98813312,'Venezolana','15/04/2011',55),
(145536686,'Conviasa','01/12/2012',71),
(177738686,'Iberia','15/04/2011',59),
(275638686,'Rutaca','01/12/2011',78),
(90812312,'Santa Barbara Airlines',3000000,'01/01/2011',1000),
(12312333,'Mexicana de Aviacion',2500000,'01/12/2010',987);

INSERT INTO informacion_contacto (inf_valor,inf_tipo,fk_pro_rif,fk_per_ci,fk_cli_rif,fk_ben_ci) VALUES
('04141209985', 'telefono', NULL, 19080988, NULL, NULL),
('02128896420','telefono', 90001234, NULL, NULL, NULL),
('svveronica@hotmail.com', 'email', NULL, NULL, NULL, 20123123),
('@CauchosAlex', 'Twitter', 98767657, NULL, NULL, NULL), 
('@aviancaAirlines', 'Instagram', NULL, NULL, 99090987, NULL);

INSERT INTO modelo_aeronave (mod_nombre) VALUES
('AU80'),
('AU80-2'), --Por sia cosa
('AU80-700'), -- Por si acaso
('AU87A'),
('AU801'),
('AU802'),
('AU802A'),
('AU802B'),
('AU802C'),
('AU802D'),
('AU802E'),
('AU802F'),
('AU747Plus'),
('AU747Platinum'),
('AU747Gold'),
('AU747Silver'),
('AU747SilverB');

INSERT INTO caracteristica (car_codigo,car_nombre) VALUES
(1,'Capacidad'),
(2,'Longitud'),
(3,'Envergadura'),
(4,'Altura'),
(5,'Peso Vacío'),
(6,'Peso Máximo al despegue'),
(7,'Planta Motriz'),
(8,'Empuje Normal'),
(9,'Velocidad crucero(Vc)'),
(10,'Velocidad Máxima operativo(Vno)'),
(11,'Alcance'),
(12,'Tripulacion'),
(13,'Superficie alar'),
(14,'Techo de servicio'),
(15,'Régimen de ascenso'),
(16,'Distance entre asientos'),
(17,'Ancho de los asientos'),
(18,'Flecha alar'),
(19,'Ancho del fuselaje'),
(20,'Alto del fuselaje'),
(21,'Alto de la cabina'),
(22,'Peso de aterrizaje máximo'),
(23,'Volumen de carga'),
(24,'Carrera de despegue con peso máximo'),
(25,'Alcance con carga máxima'),
(26,'Velocidad máxima'),
(27,'Máxima capacidad de combustible'),
(28,'Motores(x2)'),
(29,'Empuje máximo(x2)'),
(30,'Empuje velocidad crucero(x2)'),
(31,'Diámetro de los álabes o las aspas del motor'),
(32,'Longitud del motor'),
--(33,'Tripulación en la cabina del piloto'),--ESTO NEIN
(33,'Autonomía con peso máximo al despegue'),
(34,'Motorización'),
(35,'Empuje unitario'); 
 
 INSERT INTO mod_car (mod_car_valor,fk_mod_codigo,fk_car_codigo) VALUES
 (179,1,1); --CAPACIDADES ( hay clase densa,alta densa, estandar... varios tipos de clases, 
 (189,5,1);
 (118,
 
 
 (44.1,'metros',1,2); --Longitudes
 (46.7,'metros',5,2);
 (28.6,'metros',6,2);
 (36.5,'metros',7,2);
 (31.1,'metros',8,2);
 (31.2,'metros',9,2);
 (33.6,'metros',10,2);
 (39.5,'metros',11,2);
 (42.1,'metros',12,2);
  (70.66,'metros',13,2),
 (70.66,'metros',14,2),
 (70.66,'metros',15,2),
 (70.66,'metros',16,2),
 (76.4,'metros',17,2),
  
 (39.9,'metros',1,3),--Envergaduras
 (32.9,'metros',5,3),
 (28.3,'metros',6,3), 
 (28.9,'metros',7,3),
 (28.9,'metros',8,3),
 (35.7,'metros',9,3),
 (35.7,'metros',10,3),
 (35.7,'metros',11,3),
 (35.7,'metros',12,3),
 (59.64,'metros',13,3),
 (59.64,'metros',14,3),
 (59.64,'metros',15,3),
 (64.4,'metros',16,3),
 (68.5,'metros',17,3),
  
 (12.9,'metros',1,4), --Alturas
 (10.4,'metros',5,4),
 (11.3,'metros',6,4),
 (11.1,'metros',7,4),
 (11.1,'metros',8,4),
 (12.6,'metros',9,4),
 (12.5,'metros',10,4),
 (12.5,'metros',11,4),
 (12.5,'metros',12,4),
 (19.3,'metros',13,4),
 (19.3,'metros',14,4),
 (19.3,'metros',15,4),
 (19.4,'metros',16,4),
 (19.4,'metros',17,4),
  
 (55580,'KG',1,5), --Peso Vacio
 (46700,'KG',5,5),
 (28120,'KG',6,5),
 (33200,'KG',7,5),
 (31300,'KG',8,5),
 (36380,'KG',9,5),
 (38150,'KG',10,5),
 (41415,'KG',11,5),
 (44675,'KG',12,5),
 (162400,'KG',13,5),
 (174000,'KG',14,5),
 (178100,'KG',15,5),
 (178750,'KG',16,5),-- sin ER (ver enunciado)
-- (184600,'KG',16,5), --con ER (ver enunciado)
 (186000,'KG',17,5),
  
  (116570,'KG',1,6), --Peso maximo al despegue
  (95028,'KG',5,6),
  (49190,'KG',6,6),
  (68050,'KG',7,6),
  (60550,'KG',8,6),
  (66000,'KG',9,6),
  (70000,'KG',10,6), --sin ER (ver enunciado
  --(77500,'KG',10,6) con ER
  (79000,'KG',11,6),
  (85100,'KG',12,6),
  (333400,'KG',13,6),
  (378000,'KG',14,6),
  (378000,'KG',15,6),
  (397000,'KG',16,6), --sin ER 
  --(413000,'KG',16,6), con ER
  (440000,'KG',17,6),
  
  (,,1,7), --Plantas Motrices == motorizacion??
  
  (75.6,'KN',1,8),-- Empuje Normal solo estos lo tienen
  (77,'KN',5,8),
  
  (907,'km/h a 1000m',5,9), --Velocidad Crucero
  (780,'km/h',6,9),
  (780,'km/h',7,9),
  (780,'km/h',8,9),
  (828,'km/h',9,9),
  (828,'km/h',10,9),
  (828,'km/h',11,9),
  (823,'km/h',12,9),
  (893,'km/h a 10500m',13,9),
  (893,'km/h a 10500m',14,9),
  (893,'km/h a 10500m',15,9),
  (913,'km/h a 10500m',16,9), --sin ER
  --(916,'km/h a 10500m',16,9), con ER
  (916,'km/h a 10500m',17,9),
  
  (1000,'km/h',1,10), --Velocidad maxima operativa Vno) solo esta
  
  (6820,'km',1,11), --Alcance solo estos
  (4450,'km',5,11),
  
  (7,'Tripulantes',5,12), -- Tripulacion
  (6,'Pilot, copiloto y 4 auxiliares de vuelo',6,12), 
  (6,'Pilot, copiloto y 4 auxiliares de vuelo',7,12), 
  (6,'Pilot, copiloto y 4 auxiliares de vuelo',8,12), 
  (6,'Pilot, copiloto y 4 auxiliares de vuelo',9,12), 
  (6,'Pilot, copiloto y 4 auxiliares de vuelo',10,12), 
  (6,'Pilot, copiloto y 4 auxiliares de vuelo',11,12), 
  (6,'Pilot, copiloto y 4 auxiliares de vuelo',12,12),
  (3,'Pilot, copiloto y 1 auxiliar de vuelo',13,12), 
  (3,'Pilot, copiloto y 1 auxiliar de vuelo',14,12),
  (3,'Pilot, copiloto y 1 auxiliar de vuelo',15,12),
  (2,'Pilot y copiloto',16,12),
  (2,'Pilot y copiloto',17,12), 
  
  (153,'m^2',5,13),--Superficie Alar
  
  (13000,'metros',5,14), --Techo de Servicio
  (10700,'metros',6,14),
  (11300,'metros',7,14),
  (11300,'metros',8,14),
  (12500,'metros',9,14),
  (12500,'metros',10,14),
  (12500,'metros',11,14),
  (12500,'metros',12,14),
  
  (14.9,'m/s',5,15), --Regimen de Ascenso
  
  (76,'cm',6,16),--Distancia entre asientos (1 clase, densa)
 -- (86,'cm',6,16),-- (1 clase, estandar)
  (76,'cm',7,16),--1 clase densa
  --(81,'cm',7,16),
  (76,'cm',8,16),--1 clase densa
  --(81,'cm',8,16),
  (76,'cm',9,16),--1 clase densa
  --(81,'cm',9,16),
  (76,'cm',10,16),--1 clase densa
  --(81,'cm',10,16),
  (76,'cm',11,16),--1 clase densa
  --(81,'cm',11,16),
  (71,'cm',12,16), --1 clase, alta densidad
  --(76,'cm',12,16), --1 clase, densa
  --(81,'cm,12,16),--1 clase, estandar
  
  (43.7,'cm',6,17),--Ancho de los asientos
  (43.7,'cm',7,17),
  (43.7,'cm',8,17),
  (43.7,'cm',9,17),
  (43.7,'cm',10,17),
  (43.7,'cm',11,17),
  (43.7,'cm',12,17),
  
  (25,'',6,18),--Flecha alar FALTA PONERLE EL SIMBOLO DE GRADO
  (25,'',7,18),
  (25,'',8,18),
  (25.02,'',9,18),
  (25.02,'',10,18),
  (25.02,'',11,18),
  (25.02,'',12,18),
  
  (3.76,'metros',6,19),--Ancho del Fuselaje
  (3.76,'metros',7,19),
  (3.76,'metros',8,19),
  (3.76,'metros',9,19),
  (3.76,'metros',10,19),
  (3.76,'metros',11,19),
  (3.76,'metros',12,19),
  
  (4.01,'m',6,20), --Alto del Fuselaje
  (4.01,'m',7,20),
  (4.01,'m',8,20),
  (4.01,'m',9,20),
  (4.01,'m',10,20),
  (4.01,'m',11,20),
  (4.01,'m',12,20),
  
  (2.20,'m',6,21), --Alto de la cabina
  (2.20,'m',7,21),
  (2.20,'m',8,21),
  (2.20,'m',9,21),
  (2.20,'m',10,21),
  (2.20,'m',11,21),
  (2.20,'m',12,21),
  
  (45000,'KG',6,22),--Peso de Aterrizaje maximo
  (56250,'KG',7,22),
  (50000,'KG',8,22),
  (55000,'KG',9,22),
  (58600,'KG',10,22),
  (66350,'KG',11,22),
  (66350,'KG',12,22),
  
  (18.4,'m^3',6,23), --Volumen de carga
  (38.9,'m^3',7,23),
  (23.3,'m^3',8,23),
  (21.4,'m^3',9,23),
  (27.3,'m^3',10,23),
  (45.1,'m^3',11,23),
  (52.5,'m^3',12,23),
  
  (1990,'m',6,24),--Carrera de despegue con peso máximo
  (2540,'m',7,24),
  (2470,'m',8,24),
  (2400,'m',9,24),
  (2480,'m',10,24),
  (2450,'m',11,24),
  (2450,'m',12,24),
  (3190,'m',13,24),
  (3190,'m',14,24),
  (3320,'m',15,24),
  (3018,'m',16,24),--sin ER
  (3090,'m',16,24), --con ER
  (3090,'m',17,24),
  
  (1860,'nmi',6,25), --Alcance con carga maxima
  (2165,'nmi',7,25),
  (2400,'nmi',8,25),
  (3050,'nmi',9,25),
  (3365,'nmi',10,25), --Basic
  (3900,'nmi',10,25),--WL 
  (5375,'nmi',10,25), --ER
  (3060,'nmi',11,25),
  (2700,'nmi',12,25),--1 clase
  (3200,'nmi',12,25),--2 clases
  
  (876,'km/h',6,26), --Velocidad Maxima
  (876,'km/h',7,26),
  (876,'km/h',8,26),
  (876,'km/h',9,26),
  (876,'km/h',10,26),
  (876,'km/h',11,26),
  (876,'km/h',12,26),
  (945,'km/h',13,26),
  (945,'km/h',14,26),
  (945,'km/h',15,26),
  (978,'km/h',16,26),
  --el ultimo no tiene? jajaj
  
  (17860,'litros',6,27),--Máxima capacidad de combustible
  (23170,'litros',7,27),
  (23800,'litros',8,27),
  (26020,'litros',9,27),
  (26020,'litros',10,27),
  (26020,'litros',11,27),
  (29660,'litros',12,27),
  (183380,'litros',13,27),
  (199160,'litros',14,27),
  (199160,'litros',15,27),
  (216840,'litros',16,27),--sin ER
  --(241140,'litros',16,27), con ER
  (243120,'litros',17,27),
  
  (Pratt & Whitney,'JT8D-7',6,28),--'Motores(x2)
  (CFM,'International 56-3B-2',7,28),
  (CFM,'56-3B-1',8,28),
  (CFM,'56-7B20',9,28),
  (CFM,'56-7B26',10,28),
  (CFM,'56-7B27',11,28),
  (CFM,'56-7',12,28),
  
  (84.5,'kN',6,29), --Empuje Maximo(2)
  (98,'kN',7,29),
  (89,'kN',8,29),
  (91.6,'kN',9,29),
  (116,'kN',10,29),
  (121.4,'kN',11,29),
  (121.4,'kN',12,29),
  
  (17.21,'kN',6,30), -- Empuje a velocidad crucero x2
  (21.92,'kN',7,30),
  (21.80,'kN',8,30),
  (23.18,'kN',9,30),
  (24.38,'kN',10,30),
  (24.38,'kN',11,30),
  (24.38,'kN',12,30),
  
  (1.12,'m',6,31), -- Diametro de los alabes
  (1.52,'m',7,31),
  (1.52,'m',8,31),
  (1.55,'m',9,31),
  (1.55,'m',10,31),
  (1.55,'m',11,31),
  (1.55,'m',12,31),
  
  (3.20,'m',6,32),--Longitud del motor
  (2.36,'m',7,32),
  (2.36,'m',8,32),
  (2.51,'m',9,32),
  (2.51,'m',10,32),
  (2.51,'m',11,32),
  (2.51,'m',12,32),
  
  (5300,'nmi',13,33), -- Autonomia con peso maximo al despegue
  (6850,'nmi',14,33),
  (6700,'nmi',15,33),
  (7260,'nmi',16,33), -- sin ER
  --(7670,'nmi',16,33), --Con ER
  (8000,'nmi',17,33),
  
  (Pratt & Whitney,'JT9D-7A,Rolls-Royce,RB211-524B2',13,34),--Motorizacion(x4)
  (PW JT9D-7R4G2,'GE CF6-50E2, RR RB211-524D4',14,34),
  (PW JT9D-7R4G2,'GE CF6-80C2B1,RR RB211-524D4 ',15,34),
  (P&W PW 4062,'GE CF6-80C2B5F,RR RB211-524G/H ',16,34),
  --(GE CF6-80C2B5F,'',16,34), con ER
  (GE GEnx-2B67,'',17,34),
  
  (PW 207,'kN',13,35),--Empuje Unitario
  (RR 223,'kN',13,35), --el 2do del au747plus y asi vamos
  (PW 244,'kN',14,35),
  (GE 234,'kN',14,35),
  (RR 236,'kN',14,35),
  (PW 244,'kN',15,35),
  (GE 247,'kN',15,35),
  (RR 236,'kN',15,35),
  (PW 282,'kN',16,35),
  (GE 276,'kN',16,35),
  (RR 265/270,'kN',16,35),
  (GE 276,'kN',16,35), -- CON ER
  (296,'kN',17,35);
  
  INSERT INTO aeronave(aer_codigo,aer_fecha_compra,fk_cli_rif,fk_mod_codigo) VALUES 
  (1,'24/07/2017',123336666,13), -- con los fk de clientes arriba y los fk de los modelos de arriba
  (2,'20/08/2016',99090987,1),
  (3,'03/02/2017',123447677,6),
  (4,'02/02/2015',123336686,8),
  (5,'17/10/2016',223399666,12);
  
  INSERT INTO solicitud(sol_codigo,sol_completada,sol_descripcion,fk_fab_codigo1,fk_fab_codigo2) VALUES
  (1,0,'Se despacharan 55 tornillos',3,2),
  (2,1,'Se necesita llevar a zona de ensamblaje de avion principal',2,1),
  (3,1,'Se requiere pintura',1,1),
  (4,0,'Se Despacharan 50 cauchos',3,1),
  (5,1,'Se necesita llevar las piezas internas a la zona de despacho',2,3);
  
  INSERT INTO material(mat_codigo,mat_nombre) VALUES
  (1,'cobre'),
  (2,'metal'),
  (3,'plastico'),
  (4,'goma'),
  (5,'madera'),
  (6,'hierro');
  
  INSERT INTO mat_pro(mat_pro_codigo,mat_pro_precio,mat_pro_fecha_compra,mat_pro_cantidad,fk_mat_codigo,fk_pro_rif) VALUES
  (1,5000,'10/03/2011',15000,1,71231233),
  (2,10000,'05/10/2012',2375,2,81231123),
  (3,500,'07/08/2011',1000,3,62323333),
  (4,1000,'24/12/2012',3450,6,90001234),
  (5,2000,'16/10/2013',4010,5,78900010);
  
  INSERT INTO tipo_pieza(tip_codigo,fk_tip_codigo,tip_nombre) VALUES --!!!!!!!!!!!!!!!!!!!!!!!!!!!!!!!!!!!!
  (),
  (),
  (),
  (),
  ();
  
  INSERT INTO tip_mat(tip_mat_codigo,fk_mat_codigo,fk_tip_codigo,tip_mat_cantidad) VALUES --!!!!!!!!!!!!!!!!!!!!!!!!
  (),
  (),
  (),
  (),
  ();
  
  INSERT INTO inventario(inv_codigo,fk_fab_codigo,inv_descripcion) VALUES
  (1,1,'Inventario de piezas para ensamblar el avion'),
  (2,2,'Contiene tantos elementos'),
  (3,3,'Contiene tantos materiales'),
  (4,4,'Contiene x cantidades de piezas'),
  (5,5,'Piezas');
  
  INSERT INTO pieza(pie_codigo,pie_fecha_estimada,pie_fecha_entregada,fk_fab_codigo,fk_inv_codigo,fk_aer_codigo,fk_tip_codigo,fk_pie_codigo) VALUES
  (),
  (),
  (),
  (),
  ();
